  0
SECTION
  2
HEADER
  9
$ANGBASE
  50
0.0
  9
$ANGDIR
  70
1
  9
$MEASUREMENT
  70
0
  9
$INSUNITS
  70
1
  0
ENDSEC
  0
SECTION
  2
TABLES
  0
TABLE
  2
LTYPE
  70
4
  0
LTYPE
  5
40F
  2
CONTINUOUS
  70
0
  3
Solid line
  72
65
  73
0
  40
0.0
  0
LTYPE
  5
410
  2
DASHDOT
 70
0
  3
Dash Dot ____ _ ____ _
 72
65
 73
4
 40
2.0
 49
1.25
 49
-0.25
 49
0.25
 49
-0.25
  0
LTYPE
  5
411
  2
DASHED
 70
0
  3
Dashed __ __ __ __ __
 72
65
 73
2
 40
0.75
 49
0.5
 49
-0.25
  0
LTYPE
  5
43B
  2
DOTTED
 70
0
  3
Dotted .  .  .  .
 72
65
 73
2
 40
0.2
 49
0.0
 49
-0.2
  0
ENDTAB
  0
TABLE
  2
STYLE
  70
4
  0
STYLE
  2
KICAD
  70
0
  40
0
  41
1
  42
1
  50
0
  71
0
  3
isocp.shx
  0
STYLE
  2
KICADB
  70
0
  40
0
  41
1
  42
1
  50
0
  71
0
  3
isocp.shx
  0
STYLE
  2
KICADI
  70
0
  40
0
  41
1
  42
1
  50
15
  71
0
  3
isocp.shx
  0
STYLE
  2
KICADBI
  70
0
  40
0
  41
1
  42
1
  50
15
  71
0
  3
isocp.shx
  0
ENDTAB
  0
TABLE
  2
LAYER
  70
2
  0
LAYER
  2
F.Cu
  70
0
  62
13
  420
13120564
  6
CONTINUOUS
  0
LAYER
  2
Edge.Cuts
  70
0
  62
254
  420
13685453
  6
CONTINUOUS
  0
ENDTAB
  0
ENDSEC
  0
SECTION
  2
ENTITIES
0
LINE
8
F.Cu
6
CONTINUOUS
10
4.5367018897637799
20
-3.3869861417322835
11
4.5424061811023622
21
-3.389348937007874
0
LINE
8
F.Cu
6
CONTINUOUS
10
4.5424061811023622
20
-3.389348937007874
11
4.5475399606299209
21
-3.3927792125984251
0
LINE
8
F.Cu
6
CONTINUOUS
10
4.5475399606299209
20
-3.3927792125984251
11
4.5519058267716535
21
-3.3971450787401576
0
LINE
8
F.Cu
6
CONTINUOUS
10
4.5519058267716535
20
-3.3971450787401576
11
4.5553361023622045
21
-3.4022788582677164
0
LINE
8
F.Cu
6
CONTINUOUS
10
4.5553361023622045
20
-3.4022788582677164
11
4.5576988976377955
21
-3.4079831496062991
0
LINE
8
F.Cu
6
CONTINUOUS
10
4.5576988976377955
20
-3.4079831496062991
11
4.5589034645669289
21
-3.4140388188976378
0
LINE
8
F.Cu
6
CONTINUOUS
10
4.5589034645669289
20
-3.4140388188976378
11
4.5589034645669289
21
-3.4202131496062993
0
LINE
8
F.Cu
6
CONTINUOUS
10
4.5589034645669289
20
-3.4202131496062993
11
4.5576988976377955
21
-3.4262688188976376
0
LINE
8
F.Cu
6
CONTINUOUS
10
4.5576988976377955
20
-3.4262688188976376
11
4.5553361023622045
21
-3.4319731102362203
0
LINE
8
F.Cu
6
CONTINUOUS
10
4.5553361023622045
20
-3.4319731102362203
11
4.5519058267716535
21
-3.4371068897637795
0
LINE
8
F.Cu
6
CONTINUOUS
10
4.5519058267716535
20
-3.4371068897637795
11
4.5475399606299209
21
-3.4414727559055116
0
LINE
8
F.Cu
6
CONTINUOUS
10
4.5475399606299209
20
-3.4414727559055116
11
4.5472440944881889
21
-3.4416704330708661
0
LINE
8
F.Cu
6
CONTINUOUS
10
4.5472440944881889
20
-3.4416704330708661
11
4.5472440944881889
21
-3.5351532677165354
0
LINE
8
F.Cu
6
CONTINUOUS
10
4.5472440944881889
20
-3.5351532677165354
11
4.732563267716535
21
-3.7204724409448819
0
LINE
8
F.Cu
6
CONTINUOUS
10
4.732563267716535
20
-3.7204724409448819
11
5.4052320472440947
21
-3.7204724409448819
0
LINE
8
F.Cu
6
CONTINUOUS
10
5.4052320472440947
20
-3.7204724409448819
11
5.4839721653543307
21
-3.6417322834645667
0
LINE
8
F.Cu
6
CONTINUOUS
10
5.4839721653543307
20
-3.6417322834645667
11
5.4728916141732284
21
-3.6306516929133856
0
LINE
8
F.Cu
6
CONTINUOUS
10
5.4728916141732284
20
-3.6306516929133856
11
5.4711944094488185
21
-3.628716377952756
0
LINE
8
F.Cu
6
CONTINUOUS
10
5.4711944094488185
20
-3.628716377952756
11
5.4711938188976372
21
-3.6287157874015747
0
LINE
8
F.Cu
6
CONTINUOUS
10
5.4711938188976372
20
-3.6287157874015747
11
5.468624409448819
21
-3.6242654330708661
0
LINE
8
F.Cu
6
CONTINUOUS
10
5.468624409448819
20
-3.6242654330708661
11
5.468431535433071
21
-3.6235456692913384
0
LINE
8
F.Cu
6
CONTINUOUS
10
5.468431535433071
20
-3.6235456692913384
11
5.46729437007874
21
-3.6193016929133859
0
LINE
8
F.Cu
6
CONTINUOUS
10
5.46729437007874
20
-3.6193016929133859
11
5.46729437007874
21
-3.6193010629921258
0
LINE
8
F.Cu
6
CONTINUOUS
10
5.46729437007874
20
-3.6193010629921258
11
5.4671259842519682
21
-3.6167322834645668
0
LINE
8
F.Cu
6
CONTINUOUS
10
5.4671259842519682
20
-3.6167322834645668
11
5.4671259842519682
21
-3.4416704330708661
0
LINE
8
F.Cu
6
CONTINUOUS
10
5.4671259842519682
20
-3.4416704330708661
11
5.4668301181102361
21
-3.4414727559055116
0
LINE
8
F.Cu
6
CONTINUOUS
10
5.4668301181102361
20
-3.4414727559055116
11
5.4624642519685036
21
-3.4371068897637795
0
LINE
8
F.Cu
6
CONTINUOUS
10
5.4624642519685036
20
-3.4371068897637795
11
5.4590339763779525
21
-3.4319731102362203
0
LINE
8
F.Cu
6
CONTINUOUS
10
5.4590339763779525
20
-3.4319731102362203
11
5.4566711811023625
21
-3.4262688188976376
0
LINE
8
F.Cu
6
CONTINUOUS
10
5.4566711811023625
20
-3.4262688188976376
11
5.4554666141732282
21
-3.4202131496062993
0
LINE
8
F.Cu
6
CONTINUOUS
10
5.4554666141732282
20
-3.4202131496062993
11
5.4554666141732282
21
-3.4140388188976378
0
LINE
8
F.Cu
6
CONTINUOUS
10
5.4554666141732282
20
-3.4140388188976378
11
5.4566711811023625
21
-3.4079831496062991
0
LINE
8
F.Cu
6
CONTINUOUS
10
5.4566711811023625
20
-3.4079831496062991
11
5.4590339763779525
21
-3.4022788582677164
0
LINE
8
F.Cu
6
CONTINUOUS
10
5.4590339763779525
20
-3.4022788582677164
11
5.4624642519685036
21
-3.3971450787401576
0
LINE
8
F.Cu
6
CONTINUOUS
10
5.4624642519685036
20
-3.3971450787401576
11
5.4668301181102361
21
-3.3927792125984251
0
LINE
8
F.Cu
6
CONTINUOUS
10
5.4668301181102361
20
-3.3927792125984251
11
5.4719638976377949
21
-3.389348937007874
0
LINE
8
F.Cu
6
CONTINUOUS
10
5.4719638976377949
20
-3.389348937007874
11
5.4776681889763781
21
-3.3869861417322835
0
LINE
8
F.Cu
6
CONTINUOUS
10
5.4776681889763781
20
-3.3869861417322835
11
5.4837238582677168
21
-3.3857815748031497
0
LINE
8
F.Cu
6
CONTINUOUS
10
5.4837238582677168
20
-3.3857815748031497
11
5.4898981889763778
21
-3.3857815748031497
0
LINE
8
F.Cu
6
CONTINUOUS
10
5.4898981889763778
20
-3.3857815748031497
11
5.4959538582677165
21
-3.3869861417322835
0
LINE
8
F.Cu
6
CONTINUOUS
10
5.4959538582677165
20
-3.3869861417322835
11
5.5016581496062988
21
-3.389348937007874
0
LINE
8
F.Cu
6
CONTINUOUS
10
5.5016581496062988
20
-3.389348937007874
11
5.5067919291338585
21
-3.3927792125984251
0
LINE
8
F.Cu
6
CONTINUOUS
10
5.5067919291338585
20
-3.3927792125984251
11
5.5111577952755901
21
-3.3971450787401576
0
LINE
8
F.Cu
6
CONTINUOUS
10
5.5111577952755901
20
-3.3971450787401576
11
5.5145880708661412
21
-3.4022788582677164
0
LINE
8
F.Cu
6
CONTINUOUS
10
5.5145880708661412
20
-3.4022788582677164
11
5.5169508661417321
21
-3.4079831496062991
0
LINE
8
F.Cu
6
CONTINUOUS
10
5.5169508661417321
20
-3.4079831496062991
11
5.5181554330708664
21
-3.4140388188976378
0
LINE
8
F.Cu
6
CONTINUOUS
10
5.5181554330708664
20
-3.4140388188976378
11
5.5181554330708664
21
-3.4202131496062993
0
LINE
8
F.Cu
6
CONTINUOUS
10
5.5181554330708664
20
-3.4202131496062993
11
5.5180859842519681
21
-3.4205621259842518
0
LINE
8
F.Cu
6
CONTINUOUS
10
5.5180859842519681
20
-3.4205621259842518
11
5.6211459448818895
21
-3.5236220472440944
0
LINE
8
F.Cu
6
CONTINUOUS
10
5.6211459448818895
20
-3.5236220472440944
11
6.4879092125984252
21
-3.5236220472440944
0
LINE
8
F.Cu
6
CONTINUOUS
10
6.4879092125984252
20
-3.5236220472440944
11
6.5699480708661415
21
-3.441583149606299
0
LINE
8
F.Cu
6
CONTINUOUS
10
6.5699480708661415
20
-3.441583149606299
11
6.5697828740157478
21
-3.4414727559055116
0
LINE
8
F.Cu
6
CONTINUOUS
10
6.5697828740157478
20
-3.4414727559055116
11
6.5654170078740153
21
-3.4371068897637795
0
LINE
8
F.Cu
6
CONTINUOUS
10
6.5654170078740153
20
-3.4371068897637795
11
6.5619867322834642
21
-3.4319731102362203
0
LINE
8
F.Cu
6
CONTINUOUS
10
6.5619867322834642
20
-3.4319731102362203
11
6.5596239370078742
21
-3.4262688188976376
0
LINE
8
F.Cu
6
CONTINUOUS
10
6.5596239370078742
20
-3.4262688188976376
11
6.5584193700787399
21
-3.4202131496062993
0
LINE
8
F.Cu
6
CONTINUOUS
10
6.5584193700787399
20
-3.4202131496062993
11
6.5584193700787399
21
-3.4140388188976378
0
LINE
8
F.Cu
6
CONTINUOUS
10
6.5584193700787399
20
-3.4140388188976378
11
6.5596239370078742
21
-3.4079831496062991
0
LINE
8
F.Cu
6
CONTINUOUS
10
6.5596239370078742
20
-3.4079831496062991
11
6.5619867322834642
21
-3.4022788582677164
0
LINE
8
F.Cu
6
CONTINUOUS
10
6.5619867322834642
20
-3.4022788582677164
11
6.5654170078740153
21
-3.3971450787401576
0
LINE
8
F.Cu
6
CONTINUOUS
10
6.5654170078740153
20
-3.3971450787401576
11
6.5697828740157478
21
-3.3927792125984251
0
LINE
8
F.Cu
6
CONTINUOUS
10
6.5697828740157478
20
-3.3927792125984251
11
6.5749166535433066
21
-3.389348937007874
0
LINE
8
F.Cu
6
CONTINUOUS
10
6.5749166535433066
20
-3.389348937007874
11
6.5806209448818898
21
-3.3869861417322835
0
LINE
8
F.Cu
6
CONTINUOUS
10
6.5806209448818898
20
-3.3869861417322835
11
6.5866766141732285
21
-3.3857815748031497
0
LINE
8
F.Cu
6
CONTINUOUS
10
6.5866766141732285
20
-3.3857815748031497
11
6.5928509448818895
21
-3.3857815748031497
0
LINE
8
F.Cu
6
CONTINUOUS
10
6.5928509448818895
20
-3.3857815748031497
11
6.5989066141732282
21
-3.3869861417322835
0
LINE
8
F.Cu
6
CONTINUOUS
10
6.5989066141732282
20
-3.3869861417322835
11
6.6046109055118105
21
-3.389348937007874
0
LINE
8
F.Cu
6
CONTINUOUS
10
6.6046109055118105
20
-3.389348937007874
11
6.6097446850393702
21
-3.3927792125984251
0
LINE
8
F.Cu
6
CONTINUOUS
10
6.6097446850393702
20
-3.3927792125984251
11
6.6141105511811018
21
-3.3971450787401576
0
LINE
8
F.Cu
6
CONTINUOUS
10
6.6141105511811018
20
-3.3971450787401576
11
6.6175408267716538
21
-3.4022788582677164
0
LINE
8
F.Cu
6
CONTINUOUS
10
6.6175408267716538
20
-3.4022788582677164
11
6.6199036220472438
21
-3.4079831496062991
0
LINE
8
F.Cu
6
CONTINUOUS
10
6.6199036220472438
20
-3.4079831496062991
11
6.6211081889763781
21
-3.4140388188976378
0
LINE
8
F.Cu
6
CONTINUOUS
10
6.6211081889763781
20
-3.4140388188976378
11
6.6211081889763781
21
-3.4202131496062993
0
LINE
8
F.Cu
6
CONTINUOUS
10
6.6211081889763781
20
-3.4202131496062993
11
6.6199036220472438
21
-3.4262688188976376
0
LINE
8
F.Cu
6
CONTINUOUS
10
6.6199036220472438
20
-3.4262688188976376
11
6.6175408267716538
21
-3.4319731102362203
0
LINE
8
F.Cu
6
CONTINUOUS
10
6.6175408267716538
20
-3.4319731102362203
11
6.6141732283464565
21
-3.4370130708661417
0
LINE
8
F.Cu
6
CONTINUOUS
10
6.6141732283464565
20
-3.4370130708661417
11
6.6141732283464565
21
-3.4448818897637796
0
LINE
8
F.Cu
6
CONTINUOUS
10
6.6141732283464565
20
-3.4448818897637796
11
6.6140048425196847
21
-3.4474506692913387
0
LINE
8
F.Cu
6
CONTINUOUS
10
6.6140048425196847
20
-3.4474506692913387
11
6.6140048425196847
21
-3.4474512992125983
0
LINE
8
F.Cu
6
CONTINUOUS
10
6.6140048425196847
20
-3.4474512992125983
11
6.6126748031496065
21
-3.4524150393700785
0
LINE
8
F.Cu
6
CONTINUOUS
10
6.6126748031496065
20
-3.4524150393700785
11
6.6101053937007874
21
-3.4568653937007872
0
LINE
8
F.Cu
6
CONTINUOUS
10
6.6101053937007874
20
-3.4568653937007872
11
6.6101047637795274
21
-3.4568659842519684
0
LINE
8
F.Cu
6
CONTINUOUS
10
6.6101047637795274
20
-3.4568659842519684
11
6.6084075984251971
21
-3.4588012992125985
0
LINE
8
F.Cu
6
CONTINUOUS
10
6.6084075984251971
20
-3.4588012992125985
11
6.5099824015748027
21
-3.557226496062992
0
LINE
8
F.Cu
6
CONTINUOUS
10
6.5099824015748027
20
-3.557226496062992
11
6.5080470866141731
21
-3.5589236614173227
0
LINE
8
F.Cu
6
CONTINUOUS
10
6.5080470866141731
20
-3.5589236614173227
11
6.5080464960629918
21
-3.5589242913385828
0
LINE
8
F.Cu
6
CONTINUOUS
10
6.5080464960629918
20
-3.5589242913385828
11
6.5035961417322836
21
-3.5614937007874015
0
LINE
8
F.Cu
6
CONTINUOUS
10
6.5035961417322836
20
-3.5614937007874015
11
6.4986324015748034
21
-3.56282374015748
0
LINE
8
F.Cu
6
CONTINUOUS
10
6.4986324015748034
20
-3.56282374015748
11
6.4986318110236221
21
-3.56282374015748
0
LINE
8
F.Cu
6
CONTINUOUS
10
6.4986318110236221
20
-3.56282374015748
11
6.4960629921259843
21
-3.5629921259842519
0
LINE
8
F.Cu
6
CONTINUOUS
10
6.4960629921259843
20
-3.5629921259842519
11
5.6129921259842517
21
-3.5629921259842519
0
LINE
8
F.Cu
6
CONTINUOUS
10
5.6129921259842517
20
-3.5629921259842519
11
5.6104233070866139
21
-3.56282374015748
0
LINE
8
F.Cu
6
CONTINUOUS
10
5.6104233070866139
20
-3.56282374015748
11
5.6104227165354326
21
-3.56282374015748
0
LINE
8
F.Cu
6
CONTINUOUS
10
5.6104227165354326
20
-3.56282374015748
11
5.6054589763779523
21
-3.5614937007874015
0
LINE
8
F.Cu
6
CONTINUOUS
10
5.6054589763779523
20
-3.5614937007874015
11
5.6010086220472441
21
-3.5589242913385828
0
LINE
8
F.Cu
6
CONTINUOUS
10
5.6010086220472441
20
-3.5589242913385828
11
5.6010082677165354
21
-3.558923937007874
0
LINE
8
F.Cu
6
CONTINUOUS
10
5.6010082677165354
20
-3.558923937007874
11
5.5990726771653545
21
-3.557226496062992
0
LINE
8
F.Cu
6
CONTINUOUS
10
5.5990726771653545
20
-3.557226496062992
11
5.5064960629921256
21
-3.4646498425196848
0
LINE
8
F.Cu
6
CONTINUOUS
10
5.5064960629921256
20
-3.4646498425196848
11
5.5064960629921256
21
-3.608578464566929
0
LINE
8
F.Cu
6
CONTINUOUS
10
5.5064960629921256
20
-3.608578464566929
11
5.5257304724409444
21
-3.6278128740157478
0
LINE
8
F.Cu
6
CONTINUOUS
10
5.5257304724409444
20
-3.6278128740157478
11
5.5274281889763781
21
-3.6297487795275591
0
LINE
8
F.Cu
6
CONTINUOUS
10
5.5274281889763781
20
-3.6297487795275591
11
5.5299976377952751
21
-3.6341991338582678
0
LINE
8
F.Cu
6
CONTINUOUS
10
5.5299976377952751
20
-3.6341991338582678
11
5.5313276771653541
21
-3.639162874015748
0
LINE
8
F.Cu
6
CONTINUOUS
10
5.5313276771653541
20
-3.639162874015748
11
5.5313276771653541
21
-3.6443016929133858
0
LINE
8
F.Cu
6
CONTINUOUS
10
5.5313276771653541
20
-3.6443016929133858
11
5.5299976377952751
21
-3.649265433070866
0
LINE
8
F.Cu
6
CONTINUOUS
10
5.5299976377952751
20
-3.649265433070866
11
5.5274282283464569
21
-3.6537157874015747
0
LINE
8
F.Cu
6
CONTINUOUS
10
5.5274282283464569
20
-3.6537157874015747
11
5.5274275984251968
21
-3.6537163779527559
0
LINE
8
F.Cu
6
CONTINUOUS
10
5.5274275984251968
20
-3.6537163779527559
11
5.5257304330708656
21
-3.6556516929133855
0
LINE
8
F.Cu
6
CONTINUOUS
10
5.5257304330708656
20
-3.6556516929133855
11
5.4273052362204721
21
-3.7540768897637795
0
LINE
8
F.Cu
6
CONTINUOUS
10
5.4273052362204721
20
-3.7540768897637795
11
5.4253699212598425
21
-3.7557740551181102
0
LINE
8
F.Cu
6
CONTINUOUS
10
5.4253699212598425
20
-3.7557740551181102
11
5.4253693307086612
21
-3.7557746850393698
0
LINE
8
F.Cu
6
CONTINUOUS
10
5.4253693307086612
20
-3.7557746850393698
11
5.4209189763779531
21
-3.758344094488189
0
LINE
8
F.Cu
6
CONTINUOUS
10
5.4209189763779531
20
-3.758344094488189
11
5.4159552362204719
21
-3.7596741338582675
0
LINE
8
F.Cu
6
CONTINUOUS
10
5.4159552362204719
20
-3.7596741338582675
11
5.4159546456692915
21
-3.7596741338582675
0
LINE
8
F.Cu
6
CONTINUOUS
10
5.4159546456692915
20
-3.7596741338582675
11
5.4133858267716537
21
-3.7598425196850394
0
LINE
8
F.Cu
6
CONTINUOUS
10
5.4133858267716537
20
-3.7598425196850394
11
4.7244094488188972
21
-3.7598425196850394
0
LINE
8
F.Cu
6
CONTINUOUS
10
4.7244094488188972
20
-3.7598425196850394
11
4.7218406299212594
21
-3.7596741338582675
0
LINE
8
F.Cu
6
CONTINUOUS
10
4.7218406299212594
20
-3.7596741338582675
11
4.721840039370079
21
-3.7596741338582675
0
LINE
8
F.Cu
6
CONTINUOUS
10
4.721840039370079
20
-3.7596741338582675
11
4.7168762992125979
21
-3.758344094488189
0
LINE
8
F.Cu
6
CONTINUOUS
10
4.7168762992125979
20
-3.758344094488189
11
4.7124259448818897
21
-3.7557746850393698
0
LINE
8
F.Cu
6
CONTINUOUS
10
4.7124259448818897
20
-3.7557746850393698
11
4.7124253149606297
21
-3.7557740551181102
0
LINE
8
F.Cu
6
CONTINUOUS
10
4.7124253149606297
20
-3.7557740551181102
11
4.7104900393700788
21
-3.7540769291338583
0
LINE
8
F.Cu
6
CONTINUOUS
10
4.7104900393700788
20
-3.7540769291338583
11
4.5136396456692909
21
-3.557226496062992
0
LINE
8
F.Cu
6
CONTINUOUS
10
4.5136396456692909
20
-3.557226496062992
11
4.5119424409448818
21
-3.555291181102362
0
LINE
8
F.Cu
6
CONTINUOUS
10
4.5119424409448818
20
-3.555291181102362
11
4.5119418503937005
21
-3.5552905905511811
0
LINE
8
F.Cu
6
CONTINUOUS
10
4.5119418503937005
20
-3.5552905905511811
11
4.5093724409448814
21
-3.5508402362204725
0
LINE
8
F.Cu
6
CONTINUOUS
10
4.5093724409448814
20
-3.5508402362204725
11
4.5093724409448814
21
-3.5508401968503938
0
LINE
8
F.Cu
6
CONTINUOUS
10
4.5093724409448814
20
-3.5508401968503938
11
4.5080424015748033
21
-3.5458764960629923
0
LINE
8
F.Cu
6
CONTINUOUS
10
4.5080424015748033
20
-3.5458764960629923
11
4.5080424015748033
21
-3.5458758661417322
0
LINE
8
F.Cu
6
CONTINUOUS
10
4.5080424015748033
20
-3.5458758661417322
11
4.5078740157480315
21
-3.5433070866141732
0
LINE
8
F.Cu
6
CONTINUOUS
10
4.5078740157480315
20
-3.5433070866141732
11
4.5078740157480315
21
-3.4416704330708661
0
LINE
8
F.Cu
6
CONTINUOUS
10
4.5078740157480315
20
-3.4416704330708661
11
4.5075781496062994
21
-3.4414727559055116
0
LINE
8
F.Cu
6
CONTINUOUS
10
4.5075781496062994
20
-3.4414727559055116
11
4.5032122834645669
21
-3.4371068897637795
0
LINE
8
F.Cu
6
CONTINUOUS
10
4.5032122834645669
20
-3.4371068897637795
11
4.4997820078740158
21
-3.4319731102362203
0
LINE
8
F.Cu
6
CONTINUOUS
10
4.4997820078740158
20
-3.4319731102362203
11
4.4974192125984249
21
-3.4262688188976376
0
LINE
8
F.Cu
6
CONTINUOUS
10
4.4974192125984249
20
-3.4262688188976376
11
4.4962146456692915
21
-3.4202131496062993
0
LINE
8
F.Cu
6
CONTINUOUS
10
4.4962146456692915
20
-3.4202131496062993
11
4.4962146456692915
21
-3.4140388188976378
0
LINE
8
F.Cu
6
CONTINUOUS
10
4.4962146456692915
20
-3.4140388188976378
11
4.4974192125984249
21
-3.4079831496062991
0
LINE
8
F.Cu
6
CONTINUOUS
10
4.4974192125984249
20
-3.4079831496062991
11
4.4997820078740158
21
-3.4022788582677164
0
LINE
8
F.Cu
6
CONTINUOUS
10
4.4997820078740158
20
-3.4022788582677164
11
4.5032122834645669
21
-3.3971450787401576
0
LINE
8
F.Cu
6
CONTINUOUS
10
4.5032122834645669
20
-3.3971450787401576
11
4.5075781496062994
21
-3.3927792125984251
0
LINE
8
F.Cu
6
CONTINUOUS
10
4.5075781496062994
20
-3.3927792125984251
11
4.5127119291338582
21
-3.389348937007874
0
LINE
8
F.Cu
6
CONTINUOUS
10
4.5127119291338582
20
-3.389348937007874
11
4.5184162204724405
21
-3.3869861417322835
0
LINE
8
F.Cu
6
CONTINUOUS
10
4.5184162204724405
20
-3.3869861417322835
11
4.5244718897637792
21
-3.3857815748031497
0
LINE
8
F.Cu
6
CONTINUOUS
10
4.5244718897637792
20
-3.3857815748031497
11
4.5306462204724411
21
-3.3857815748031497
0
LINE
8
F.Cu
6
CONTINUOUS
10
4.5306462204724411
20
-3.3857815748031497
11
4.5367018897637799
21
-3.3869861417322835
0
LINE
8
F.Cu
6
CONTINUOUS
10
4.5367018897637799
20
-3.1869861417322833
11
4.5424061811023622
21
-3.1893489370078738
0
LINE
8
F.Cu
6
CONTINUOUS
10
4.5424061811023622
20
-3.1893489370078738
11
4.5475399606299209
21
-3.1927792125984253
0
LINE
8
F.Cu
6
CONTINUOUS
10
4.5475399606299209
20
-3.1927792125984253
11
4.5519058267716535
21
-3.1971450787401574
0
LINE
8
F.Cu
6
CONTINUOUS
10
4.5519058267716535
20
-3.1971450787401574
11
4.5553361023622045
21
-3.2022788582677166
0
LINE
8
F.Cu
6
CONTINUOUS
10
4.5553361023622045
20
-3.2022788582677166
11
4.5576988976377955
21
-3.2079831496062989
0
LINE
8
F.Cu
6
CONTINUOUS
10
4.5576988976377955
20
-3.2079831496062989
11
4.5589034645669289
21
-3.2140388188976377
0
LINE
8
F.Cu
6
CONTINUOUS
10
4.5589034645669289
20
-3.2140388188976377
11
4.5589034645669289
21
-3.2202131496062991
0
LINE
8
F.Cu
6
CONTINUOUS
10
4.5589034645669289
20
-3.2202131496062991
11
4.5588340157480314
21
-3.2205621259842521
0
LINE
8
F.Cu
6
CONTINUOUS
10
4.5588340157480314
20
-3.2205621259842521
11
4.6005335826771656
21
-3.2622616535433071
0
LINE
8
F.Cu
6
CONTINUOUS
10
4.6005335826771656
20
-3.2622616535433071
11
4.6022310236220472
21
-3.264197244094488
0
LINE
8
F.Cu
6
CONTINUOUS
10
4.6022310236220472
20
-3.264197244094488
11
4.6022313779527559
21
-3.2641975984251967
0
LINE
8
F.Cu
6
CONTINUOUS
10
4.6022313779527559
20
-3.2641975984251967
11
4.6048007874015751
21
-3.2686479527559054
0
LINE
8
F.Cu
6
CONTINUOUS
10
4.6048007874015751
20
-3.2686479527559054
11
4.6061308267716532
21
-3.2736116929133856
0
LINE
8
F.Cu
6
CONTINUOUS
10
4.6061308267716532
20
-3.2736116929133856
11
4.6061308267716532
21
-3.2736122834645669
0
LINE
8
F.Cu
6
CONTINUOUS
10
4.6061308267716532
20
-3.2736122834645669
11
4.606299212598425
21
-3.2761811023622047
0
LINE
8
F.Cu
6
CONTINUOUS
10
4.606299212598425
20
-3.2761811023622047
11
4.606299212598425
21
-3.397357992125984
0
LINE
8
F.Cu
6
CONTINUOUS
10
4.606299212598425
20
-3.397357992125984
11
4.8309884645669294
21
-3.622047244094488
0
LINE
8
F.Cu
6
CONTINUOUS
10
4.8309884645669294
20
-3.622047244094488
11
5.2952755905511806
21
-3.622047244094488
0
LINE
8
F.Cu
6
CONTINUOUS
10
5.2952755905511806
20
-3.622047244094488
11
5.2952755905511806
21
-3.3889763779527557
0
LINE
8
F.Cu
6
CONTINUOUS
10
5.2952755905511806
20
-3.3889763779527557
11
5.2954439763779524
21
-3.3864075590551179
0
LINE
8
F.Cu
6
CONTINUOUS
10
5.2954439763779524
20
-3.3864075590551179
11
5.2954439763779524
21
-3.3864069685039371
0
LINE
8
F.Cu
6
CONTINUOUS
10
5.2954439763779524
20
-3.3864069685039371
11
5.2967740157480314
21
-3.3814432283464568
0
LINE
8
F.Cu
6
CONTINUOUS
10
5.2967740157480314
20
-3.3814432283464568
11
5.2993434251968505
21
-3.3769928740157478
0
LINE
8
F.Cu
6
CONTINUOUS
10
5.2993434251968505
20
-3.3769928740157478
11
5.2993440157480309
21
-3.3769922440944882
0
LINE
8
F.Cu
6
CONTINUOUS
10
5.2993440157480309
20
-3.3769922440944882
11
5.3010412204724409
21
-3.3750569685039369
0
LINE
8
F.Cu
6
CONTINUOUS
10
5.3010412204724409
20
-3.3750569685039369
11
5.4555360236220469
21
-3.2205620866141733
0
LINE
8
F.Cu
6
CONTINUOUS
10
5.4555360236220469
20
-3.2205620866141733
11
5.4554666141732282
21
-3.2202131496062991
0
LINE
8
F.Cu
6
CONTINUOUS
10
5.4554666141732282
20
-3.2202131496062991
11
5.4554666141732282
21
-3.2140388188976377
0
LINE
8
F.Cu
6
CONTINUOUS
10
5.4554666141732282
20
-3.2140388188976377
11
5.4566711811023625
21
-3.2079831496062989
0
LINE
8
F.Cu
6
CONTINUOUS
10
5.4566711811023625
20
-3.2079831496062989
11
5.4590339763779525
21
-3.2022788582677166
0
LINE
8
F.Cu
6
CONTINUOUS
10
5.4590339763779525
20
-3.2022788582677166
11
5.4624642519685036
21
-3.1971450787401574
0
LINE
8
F.Cu
6
CONTINUOUS
10
5.4624642519685036
20
-3.1971450787401574
11
5.4668301181102361
21
-3.1927792125984253
0
LINE
8
F.Cu
6
CONTINUOUS
10
5.4668301181102361
20
-3.1927792125984253
11
5.4719638976377949
21
-3.1893489370078738
0
LINE
8
F.Cu
6
CONTINUOUS
10
5.4719638976377949
20
-3.1893489370078738
11
5.4776681889763781
21
-3.1869861417322833
0
LINE
8
F.Cu
6
CONTINUOUS
10
5.4776681889763781
20
-3.1869861417322833
11
5.4837238582677168
21
-3.1857815748031495
0
LINE
8
F.Cu
6
CONTINUOUS
10
5.4837238582677168
20
-3.1857815748031495
11
5.4898981889763778
21
-3.1857815748031495
0
LINE
8
F.Cu
6
CONTINUOUS
10
5.4898981889763778
20
-3.1857815748031495
11
5.4959538582677165
21
-3.1869861417322833
0
LINE
8
F.Cu
6
CONTINUOUS
10
5.4959538582677165
20
-3.1869861417322833
11
5.5016581496062988
21
-3.1893489370078738
0
LINE
8
F.Cu
6
CONTINUOUS
10
5.5016581496062988
20
-3.1893489370078738
11
5.5067919291338585
21
-3.1927792125984253
0
LINE
8
F.Cu
6
CONTINUOUS
10
5.5067919291338585
20
-3.1927792125984253
11
5.5111577952755901
21
-3.1971450787401574
0
LINE
8
F.Cu
6
CONTINUOUS
10
5.5111577952755901
20
-3.1971450787401574
11
5.5145880708661412
21
-3.2022788582677166
0
LINE
8
F.Cu
6
CONTINUOUS
10
5.5145880708661412
20
-3.2022788582677166
11
5.5169508661417321
21
-3.2079831496062989
0
LINE
8
F.Cu
6
CONTINUOUS
10
5.5169508661417321
20
-3.2079831496062989
11
5.5181554330708664
21
-3.2140388188976377
0
LINE
8
F.Cu
6
CONTINUOUS
10
5.5181554330708664
20
-3.2140388188976377
11
5.5181554330708664
21
-3.2202131496062991
0
LINE
8
F.Cu
6
CONTINUOUS
10
5.5181554330708664
20
-3.2202131496062991
11
5.5169508661417321
21
-3.2262688188976378
0
LINE
8
F.Cu
6
CONTINUOUS
10
5.5169508661417321
20
-3.2262688188976378
11
5.5145880708661412
21
-3.2319731102362206
0
LINE
8
F.Cu
6
CONTINUOUS
10
5.5145880708661412
20
-3.2319731102362206
11
5.5111577952755901
21
-3.2371068897637794
0
LINE
8
F.Cu
6
CONTINUOUS
10
5.5111577952755901
20
-3.2371068897637794
11
5.5067919291338585
21
-3.2414727559055119
0
LINE
8
F.Cu
6
CONTINUOUS
10
5.5067919291338585
20
-3.2414727559055119
11
5.5016581496062988
21
-3.244903031496063
0
LINE
8
F.Cu
6
CONTINUOUS
10
5.5016581496062988
20
-3.244903031496063
11
5.4959538582677165
21
-3.2472658267716534
0
LINE
8
F.Cu
6
CONTINUOUS
10
5.4959538582677165
20
-3.2472658267716534
11
5.4898981889763778
21
-3.2484703937007873
0
LINE
8
F.Cu
6
CONTINUOUS
10
5.4898981889763778
20
-3.2484703937007873
11
5.4837238582677168
21
-3.2484703937007873
0
LINE
8
F.Cu
6
CONTINUOUS
10
5.4837238582677168
20
-3.2484703937007873
11
5.4833748818897634
21
-3.2484009448818898
0
LINE
8
F.Cu
6
CONTINUOUS
10
5.4833748818897634
20
-3.2484009448818898
11
5.3346456692913389
21
-3.3971301574803148
0
LINE
8
F.Cu
6
CONTINUOUS
10
5.3346456692913389
20
-3.3971301574803148
11
5.3346456692913389
21
-3.6417322834645667
0
LINE
8
F.Cu
6
CONTINUOUS
10
5.3346456692913389
20
-3.6417322834645667
11
5.3344772440944883
21
-3.6443016929133858
0
LINE
8
F.Cu
6
CONTINUOUS
10
5.3344772440944883
20
-3.6443016929133858
11
5.333147244094488
21
-3.649265433070866
0
LINE
8
F.Cu
6
CONTINUOUS
10
5.333147244094488
20
-3.649265433070866
11
5.3305778346456689
21
-3.6537157874015747
0
LINE
8
F.Cu
6
CONTINUOUS
10
5.3305778346456689
20
-3.6537157874015747
11
5.3269441338582677
21
-3.6573494881889763
0
LINE
8
F.Cu
6
CONTINUOUS
10
5.3269441338582677
20
-3.6573494881889763
11
5.3224937795275586
21
-3.659918897637795
0
LINE
8
F.Cu
6
CONTINUOUS
10
5.3224937795275586
20
-3.659918897637795
11
5.3175300393700784
21
-3.6612488976377953
0
LINE
8
F.Cu
6
CONTINUOUS
10
5.3175300393700784
20
-3.6612488976377953
11
5.3149606299212593
21
-3.6614173228346454
0
LINE
8
F.Cu
6
CONTINUOUS
10
5.3149606299212593
20
-3.6614173228346454
11
4.8228346456692917
21
-3.6614173228346454
0
LINE
8
F.Cu
6
CONTINUOUS
10
4.8228346456692917
20
-3.6614173228346454
11
4.8202658267716538
21
-3.661248937007874
0
LINE
8
F.Cu
6
CONTINUOUS
10
4.8202658267716538
20
-3.661248937007874
11
4.8202652362204725
21
-3.661248937007874
0
LINE
8
F.Cu
6
CONTINUOUS
10
4.8202652362204725
20
-3.661248937007874
11
4.8153014960629923
21
-3.659918897637795
0
LINE
8
F.Cu
6
CONTINUOUS
10
4.8153014960629923
20
-3.659918897637795
11
4.8108511417322832
21
-3.6573494881889763
0
LINE
8
F.Cu
6
CONTINUOUS
10
4.8108511417322832
20
-3.6573494881889763
11
4.8108507874015745
21
-3.6573491338582675
0
LINE
8
F.Cu
6
CONTINUOUS
10
4.8108507874015745
20
-3.6573491338582675
11
4.8089151968503936
21
-3.6556516929133855
0
LINE
8
F.Cu
6
CONTINUOUS
10
4.8089151968503936
20
-3.6556516929133855
11
4.5726947637795279
21
-3.4194312204724411
0
LINE
8
F.Cu
6
CONTINUOUS
10
4.5726947637795279
20
-3.4194312204724411
11
4.570997559055118
21
-3.417495905511811
0
LINE
8
F.Cu
6
CONTINUOUS
10
4.570997559055118
20
-3.417495905511811
11
4.5709969685039367
21
-3.4174953149606297
0
LINE
8
F.Cu
6
CONTINUOUS
10
4.5709969685039367
20
-3.4174953149606297
11
4.5684275590551184
21
-3.4130449606299211
0
LINE
8
F.Cu
6
CONTINUOUS
10
4.5684275590551184
20
-3.4130449606299211
11
4.5670975196850394
21
-3.4080812204724409
0
LINE
8
F.Cu
6
CONTINUOUS
10
4.5670975196850394
20
-3.4080812204724409
11
4.5670975196850394
21
-3.4080805905511808
0
LINE
8
F.Cu
6
CONTINUOUS
10
4.5670975196850394
20
-3.4080805905511808
11
4.5669291338582676
21
-3.4055118110236218
0
LINE
8
F.Cu
6
CONTINUOUS
10
4.5669291338582676
20
-3.4055118110236218
11
4.5669291338582676
21
-3.2843348818897637
0
LINE
8
F.Cu
6
CONTINUOUS
10
4.5669291338582676
20
-3.2843348818897637
11
4.5309951968503936
21
-3.2484009448818898
0
LINE
8
F.Cu
6
CONTINUOUS
10
4.5309951968503936
20
-3.2484009448818898
11
4.5306462204724411
21
-3.2484703937007873
0
LINE
8
F.Cu
6
CONTINUOUS
10
4.5306462204724411
20
-3.2484703937007873
11
4.5244718897637792
21
-3.2484703937007873
0
LINE
8
F.Cu
6
CONTINUOUS
10
4.5244718897637792
20
-3.2484703937007873
11
4.5184162204724405
21
-3.2472658267716534
0
LINE
8
F.Cu
6
CONTINUOUS
10
4.5184162204724405
20
-3.2472658267716534
11
4.5127119291338582
21
-3.244903031496063
0
LINE
8
F.Cu
6
CONTINUOUS
10
4.5127119291338582
20
-3.244903031496063
11
4.5075781496062994
21
-3.2414727559055119
0
LINE
8
F.Cu
6
CONTINUOUS
10
4.5075781496062994
20
-3.2414727559055119
11
4.5032122834645669
21
-3.2371068897637794
0
LINE
8
F.Cu
6
CONTINUOUS
10
4.5032122834645669
20
-3.2371068897637794
11
4.4997820078740158
21
-3.2319731102362206
0
LINE
8
F.Cu
6
CONTINUOUS
10
4.4997820078740158
20
-3.2319731102362206
11
4.4974192125984249
21
-3.2262688188976378
0
LINE
8
F.Cu
6
CONTINUOUS
10
4.4974192125984249
20
-3.2262688188976378
11
4.4962146456692915
21
-3.2202131496062991
0
LINE
8
F.Cu
6
CONTINUOUS
10
4.4962146456692915
20
-3.2202131496062991
11
4.4962146456692915
21
-3.2140388188976377
0
LINE
8
F.Cu
6
CONTINUOUS
10
4.4962146456692915
20
-3.2140388188976377
11
4.4974192125984249
21
-3.2079831496062989
0
LINE
8
F.Cu
6
CONTINUOUS
10
4.4974192125984249
20
-3.2079831496062989
11
4.4997820078740158
21
-3.2022788582677166
0
LINE
8
F.Cu
6
CONTINUOUS
10
4.4997820078740158
20
-3.2022788582677166
11
4.5032122834645669
21
-3.1971450787401574
0
LINE
8
F.Cu
6
CONTINUOUS
10
4.5032122834645669
20
-3.1971450787401574
11
4.5075781496062994
21
-3.1927792125984253
0
LINE
8
F.Cu
6
CONTINUOUS
10
4.5075781496062994
20
-3.1927792125984253
11
4.5127119291338582
21
-3.1893489370078738
0
LINE
8
F.Cu
6
CONTINUOUS
10
4.5127119291338582
20
-3.1893489370078738
11
4.5184162204724405
21
-3.1869861417322833
0
LINE
8
F.Cu
6
CONTINUOUS
10
4.5184162204724405
20
-3.1869861417322833
11
4.5244718897637792
21
-3.1857815748031495
0
LINE
8
F.Cu
6
CONTINUOUS
10
4.5244718897637792
20
-3.1857815748031495
11
4.5306462204724411
21
-3.1857815748031495
0
LINE
8
F.Cu
6
CONTINUOUS
10
4.5306462204724411
20
-3.1857815748031495
11
4.5367018897637799
21
-3.1869861417322833
0
LINE
8
F.Cu
6
CONTINUOUS
10
4.5367018897637799
20
-2.9869861417322836
11
4.5424061811023622
21
-2.9893489370078741
0
LINE
8
F.Cu
6
CONTINUOUS
10
4.5424061811023622
20
-2.9893489370078741
11
4.5475399606299209
21
-2.9927792125984252
0
LINE
8
F.Cu
6
CONTINUOUS
10
4.5475399606299209
20
-2.9927792125984252
11
4.5519058267716535
21
-2.9971450787401572
0
LINE
8
F.Cu
6
CONTINUOUS
10
4.5519058267716535
20
-2.9971450787401572
11
4.5553361023622045
21
-3.0022788582677165
0
LINE
8
F.Cu
6
CONTINUOUS
10
4.5553361023622045
20
-3.0022788582677165
11
4.5576988976377955
21
-3.0079831496062992
0
LINE
8
F.Cu
6
CONTINUOUS
10
4.5576988976377955
20
-3.0079831496062992
11
4.5589034645669289
21
-3.0140388188976379
0
LINE
8
F.Cu
6
CONTINUOUS
10
4.5589034645669289
20
-3.0140388188976379
11
4.5589034645669289
21
-3.0202131496062989
0
LINE
8
F.Cu
6
CONTINUOUS
10
4.5589034645669289
20
-3.0202131496062989
11
4.5576988976377955
21
-3.0262688188976377
0
LINE
8
F.Cu
6
CONTINUOUS
10
4.5576988976377955
20
-3.0262688188976377
11
4.5553361023622045
21
-3.0319731102362204
0
LINE
8
F.Cu
6
CONTINUOUS
10
4.5553361023622045
20
-3.0319731102362204
11
4.5519058267716535
21
-3.0371068897637796
0
LINE
8
F.Cu
6
CONTINUOUS
10
4.5519058267716535
20
-3.0371068897637796
11
4.5475399606299209
21
-3.0414727559055117
0
LINE
8
F.Cu
6
CONTINUOUS
10
4.5475399606299209
20
-3.0414727559055117
11
4.5472440944881889
21
-3.0416704330708662
0
LINE
8
F.Cu
6
CONTINUOUS
10
4.5472440944881889
20
-3.0416704330708662
11
4.5472440944881889
21
-3.092581496062992
0
LINE
8
F.Cu
6
CONTINUOUS
10
4.5472440944881889
20
-3.092581496062992
11
4.5475399606299209
21
-3.0927792125984253
0
LINE
8
F.Cu
6
CONTINUOUS
10
4.5475399606299209
20
-3.0927792125984253
11
4.5519058267716535
21
-3.0971450787401573
0
LINE
8
F.Cu
6
CONTINUOUS
10
4.5519058267716535
20
-3.0971450787401573
11
4.5553361023622045
21
-3.1022788582677165
0
LINE
8
F.Cu
6
CONTINUOUS
10
4.5553361023622045
20
-3.1022788582677165
11
4.5576988976377955
21
-3.1079831496062993
0
LINE
8
F.Cu
6
CONTINUOUS
10
4.5576988976377955
20
-3.1079831496062993
11
4.5589034645669289
21
-3.1140388188976376
0
LINE
8
F.Cu
6
CONTINUOUS
10
4.5589034645669289
20
-3.1140388188976376
11
4.5589034645669289
21
-3.120213149606299
0
LINE
8
F.Cu
6
CONTINUOUS
10
4.5589034645669289
20
-3.120213149606299
11
4.5588340157480314
21
-3.120562125984252
0
LINE
8
F.Cu
6
CONTINUOUS
10
4.5588340157480314
20
-3.120562125984252
11
4.7824233464566932
21
-3.3441514566929134
0
LINE
8
F.Cu
6
CONTINUOUS
10
4.7824233464566932
20
-3.3441514566929134
11
4.7841205118110235
21
-3.3460867322834646
0
LINE
8
F.Cu
6
CONTINUOUS
10
4.7841205118110235
20
-3.3460867322834646
11
4.7841211417322835
21
-3.3460873622047242
0
LINE
8
F.Cu
6
CONTINUOUS
10
4.7841211417322835
20
-3.3460873622047242
11
4.7854969685039368
21
-3.3484703937007874
0
LINE
8
F.Cu
6
CONTINUOUS
10
4.7854969685039368
20
-3.3484703937007874
11
4.7866905511811026
21
-3.3505377165354329
0
LINE
8
F.Cu
6
CONTINUOUS
10
4.7866905511811026
20
-3.3505377165354329
11
4.7880205905511808
21
-3.3555014566929131
0
LINE
8
F.Cu
6
CONTINUOUS
10
4.7880205905511808
20
-3.3555014566929131
11
4.7880205905511808
21
-3.3555020472440944
0
LINE
8
F.Cu
6
CONTINUOUS
10
4.7880205905511808
20
-3.3555020472440944
11
4.7881889763779526
21
-3.3580708661417322
0
LINE
8
F.Cu
6
CONTINUOUS
10
4.7881889763779526
20
-3.3580708661417322
11
4.7881889763779526
21
-3.4334336220472439
0
LINE
8
F.Cu
6
CONTINUOUS
10
4.7881889763779526
20
-3.4334336220472439
11
4.8309884645669294
21
-3.4762331102362203
0
LINE
8
F.Cu
6
CONTINUOUS
10
4.8309884645669294
20
-3.4762331102362203
11
4.9604949999999999
21
-3.4762331102362203
0
LINE
8
F.Cu
6
CONTINUOUS
10
4.9604949999999999
20
-3.4762331102362203
11
5.3335215354330705
21
-3.1032065354330709
0
LINE
8
F.Cu
6
CONTINUOUS
10
5.3335215354330705
20
-3.1032065354330709
11
5.3354571259842523
21
-3.1015090551181101
0
LINE
8
F.Cu
6
CONTINUOUS
10
5.3354571259842523
20
-3.1015090551181101
11
5.3354574409448814
21
-3.1015087795275589
0
LINE
8
F.Cu
6
CONTINUOUS
10
5.3354574409448814
20
-3.1015087795275589
11
5.3399077952755905
21
-3.0989393700787402
0
LINE
8
F.Cu
6
CONTINUOUS
10
5.3399077952755905
20
-3.0989393700787402
11
5.3409567322834643
21
-3.0986582677165355
0
LINE
8
F.Cu
6
CONTINUOUS
10
5.3409567322834643
20
-3.0986582677165355
11
5.3448715354330707
21
-3.0976093307086612
0
LINE
8
F.Cu
6
CONTINUOUS
10
5.3448715354330707
20
-3.0976093307086612
11
5.344872125984252
21
-3.0976093307086612
0
LINE
8
F.Cu
6
CONTINUOUS
10
5.344872125984252
20
-3.0976093307086612
11
5.3474409448818898
21
-3.0974409448818898
0
LINE
8
F.Cu
6
CONTINUOUS
10
5.3474409448818898
20
-3.0974409448818898
11
5.4622665748031496
21
-3.0974409448818898
0
LINE
8
F.Cu
6
CONTINUOUS
10
5.4622665748031496
20
-3.0974409448818898
11
5.4624642519685036
21
-3.0971450787401573
0
LINE
8
F.Cu
6
CONTINUOUS
10
5.4624642519685036
20
-3.0971450787401573
11
5.4668301181102361
21
-3.0927792125984253
0
LINE
8
F.Cu
6
CONTINUOUS
10
5.4668301181102361
20
-3.0927792125984253
11
5.4719638976377949
21
-3.0893489370078742
0
LINE
8
F.Cu
6
CONTINUOUS
10
5.4719638976377949
20
-3.0893489370078742
11
5.4776681889763781
21
-3.0869861417322833
0
LINE
8
F.Cu
6
CONTINUOUS
10
5.4776681889763781
20
-3.0869861417322833
11
5.4837238582677168
21
-3.0857815748031494
0
LINE
8
F.Cu
6
CONTINUOUS
10
5.4837238582677168
20
-3.0857815748031494
11
5.4898981889763778
21
-3.0857815748031494
0
LINE
8
F.Cu
6
CONTINUOUS
10
5.4898981889763778
20
-3.0857815748031494
11
5.4959538582677165
21
-3.0869861417322833
0
LINE
8
F.Cu
6
CONTINUOUS
10
5.4959538582677165
20
-3.0869861417322833
11
5.5016581496062988
21
-3.0893489370078742
0
LINE
8
F.Cu
6
CONTINUOUS
10
5.5016581496062988
20
-3.0893489370078742
11
5.5067919291338585
21
-3.0927792125984253
0
LINE
8
F.Cu
6
CONTINUOUS
10
5.5067919291338585
20
-3.0927792125984253
11
5.5111577952755901
21
-3.0971450787401573
0
LINE
8
F.Cu
6
CONTINUOUS
10
5.5111577952755901
20
-3.0971450787401573
11
5.5145880708661412
21
-3.1022788582677165
0
LINE
8
F.Cu
6
CONTINUOUS
10
5.5145880708661412
20
-3.1022788582677165
11
5.5169508661417321
21
-3.1079831496062993
0
LINE
8
F.Cu
6
CONTINUOUS
10
5.5169508661417321
20
-3.1079831496062993
11
5.5181554330708664
21
-3.1140388188976376
0
LINE
8
F.Cu
6
CONTINUOUS
10
5.5181554330708664
20
-3.1140388188976376
11
5.5181554330708664
21
-3.120213149606299
0
LINE
8
F.Cu
6
CONTINUOUS
10
5.5181554330708664
20
-3.120213149606299
11
5.5169508661417321
21
-3.1262688188976377
0
LINE
8
F.Cu
6
CONTINUOUS
10
5.5169508661417321
20
-3.1262688188976377
11
5.5145880708661412
21
-3.1319731102362205
0
LINE
8
F.Cu
6
CONTINUOUS
10
5.5145880708661412
20
-3.1319731102362205
11
5.5111577952755901
21
-3.1371068897637793
0
LINE
8
F.Cu
6
CONTINUOUS
10
5.5111577952755901
20
-3.1371068897637793
11
5.5067919291338585
21
-3.1414727559055118
0
LINE
8
F.Cu
6
CONTINUOUS
10
5.5067919291338585
20
-3.1414727559055118
11
5.5016581496062988
21
-3.1449030314960629
0
LINE
8
F.Cu
6
CONTINUOUS
10
5.5016581496062988
20
-3.1449030314960629
11
5.4959538582677165
21
-3.1472658267716533
0
LINE
8
F.Cu
6
CONTINUOUS
10
5.4959538582677165
20
-3.1472658267716533
11
5.4898981889763778
21
-3.1484703937007872
0
LINE
8
F.Cu
6
CONTINUOUS
10
5.4898981889763778
20
-3.1484703937007872
11
5.4837238582677168
21
-3.1484703937007872
0
LINE
8
F.Cu
6
CONTINUOUS
10
5.4837238582677168
20
-3.1484703937007872
11
5.4776681889763781
21
-3.1472658267716533
0
LINE
8
F.Cu
6
CONTINUOUS
10
5.4776681889763781
20
-3.1472658267716533
11
5.4719638976377949
21
-3.1449030314960629
0
LINE
8
F.Cu
6
CONTINUOUS
10
5.4719638976377949
20
-3.1449030314960629
11
5.4668301181102361
21
-3.1414727559055118
0
LINE
8
F.Cu
6
CONTINUOUS
10
5.4668301181102361
20
-3.1414727559055118
11
5.4624642519685036
21
-3.1371068897637793
0
LINE
8
F.Cu
6
CONTINUOUS
10
5.4624642519685036
20
-3.1371068897637793
11
5.4622665748031496
21
-3.1368110236220472
0
LINE
8
F.Cu
6
CONTINUOUS
10
5.4622665748031496
20
-3.1368110236220472
11
5.3555947637795276
21
-3.1368110236220472
0
LINE
8
F.Cu
6
CONTINUOUS
10
5.3555947637795276
20
-3.1368110236220472
11
4.9825681889763782
21
-3.5098375590551179
0
LINE
8
F.Cu
6
CONTINUOUS
10
4.9825681889763782
20
-3.5098375590551179
11
4.9806328740157477
21
-3.5115347244094486
0
LINE
8
F.Cu
6
CONTINUOUS
10
4.9806328740157477
20
-3.5115347244094486
11
4.9806322834645664
21
-3.5115353543307086
0
LINE
8
F.Cu
6
CONTINUOUS
10
4.9806322834645664
20
-3.5115353543307086
11
4.9761819291338583
21
-3.5141047637795273
0
LINE
8
F.Cu
6
CONTINUOUS
10
4.9761819291338583
20
-3.5141047637795273
11
4.971218188976378
21
-3.5154348031496063
0
LINE
8
F.Cu
6
CONTINUOUS
10
4.971218188976378
20
-3.5154348031496063
11
4.9712175984251967
21
-3.5154348031496063
0
LINE
8
F.Cu
6
CONTINUOUS
10
4.9712175984251967
20
-3.5154348031496063
11
4.9686487795275589
21
-3.5156031889763777
0
LINE
8
F.Cu
6
CONTINUOUS
10
4.9686487795275589
20
-3.5156031889763777
11
4.8228346456692917
21
-3.5156031889763777
0
LINE
8
F.Cu
6
CONTINUOUS
10
4.8228346456692917
20
-3.5156031889763777
11
4.8202658267716538
21
-3.5154348031496063
0
LINE
8
F.Cu
6
CONTINUOUS
10
4.8202658267716538
20
-3.5154348031496063
11
4.8202652362204725
21
-3.5154348031496063
0
LINE
8
F.Cu
6
CONTINUOUS
10
4.8202652362204725
20
-3.5154348031496063
11
4.8163504330708662
21
-3.5143858267716537
0
LINE
8
F.Cu
6
CONTINUOUS
10
4.8163504330708662
20
-3.5143858267716537
11
4.8153014960629923
21
-3.5141047637795273
0
LINE
8
F.Cu
6
CONTINUOUS
10
4.8153014960629923
20
-3.5141047637795273
11
4.8108511417322832
21
-3.5115353543307086
0
LINE
8
F.Cu
6
CONTINUOUS
10
4.8108511417322832
20
-3.5115353543307086
11
4.8108505118110232
21
-3.5115347244094486
0
LINE
8
F.Cu
6
CONTINUOUS
10
4.8108505118110232
20
-3.5115347244094486
11
4.8089152362204723
21
-3.5098375984251966
0
LINE
8
F.Cu
6
CONTINUOUS
10
4.8089152362204723
20
-3.5098375984251966
11
4.7545845275590546
21
-3.4555068503937005
0
LINE
8
F.Cu
6
CONTINUOUS
10
4.7545845275590546
20
-3.4555068503937005
11
4.7528873228346455
21
-3.4535715354330709
0
LINE
8
F.Cu
6
CONTINUOUS
10
4.7528873228346455
20
-3.4535715354330709
11
4.7528867322834643
21
-3.4535709448818896
0
LINE
8
F.Cu
6
CONTINUOUS
10
4.7528867322834643
20
-3.4535709448818896
11
4.7503173228346451
21
-3.449120590551181
0
LINE
8
F.Cu
6
CONTINUOUS
10
4.7503173228346451
20
-3.449120590551181
11
4.7498203543307085
21
-3.4472658267716536
0
LINE
8
F.Cu
6
CONTINUOUS
10
4.7498203543307085
20
-3.4472658267716536
11
4.748987283464567
21
-3.4441568503937008
0
LINE
8
F.Cu
6
CONTINUOUS
10
4.748987283464567
20
-3.4441568503937008
11
4.748987283464567
21
-3.4441562204724407
0
LINE
8
F.Cu
6
CONTINUOUS
10
4.748987283464567
20
-3.4441562204724407
11
4.7488188976377952
21
-3.4415874409448817
0
LINE
8
F.Cu
6
CONTINUOUS
10
4.7488188976377952
20
-3.4415874409448817
11
4.7488188976377952
21
-3.3662246456692912
0
LINE
8
F.Cu
6
CONTINUOUS
10
4.7488188976377952
20
-3.3662246456692912
11
4.5309951968503936
21
-3.1484009448818897
0
LINE
8
F.Cu
6
CONTINUOUS
10
4.5309951968503936
20
-3.1484009448818897
11
4.5306462204724411
21
-3.1484703937007872
0
LINE
8
F.Cu
6
CONTINUOUS
10
4.5306462204724411
20
-3.1484703937007872
11
4.5244718897637792
21
-3.1484703937007872
0
LINE
8
F.Cu
6
CONTINUOUS
10
4.5244718897637792
20
-3.1484703937007872
11
4.5184162204724405
21
-3.1472658267716533
0
LINE
8
F.Cu
6
CONTINUOUS
10
4.5184162204724405
20
-3.1472658267716533
11
4.5127119291338582
21
-3.1449030314960629
0
LINE
8
F.Cu
6
CONTINUOUS
10
4.5127119291338582
20
-3.1449030314960629
11
4.5075781496062994
21
-3.1414727559055118
0
LINE
8
F.Cu
6
CONTINUOUS
10
4.5075781496062994
20
-3.1414727559055118
11
4.5032122834645669
21
-3.1371068897637793
0
LINE
8
F.Cu
6
CONTINUOUS
10
4.5032122834645669
20
-3.1371068897637793
11
4.4997820078740158
21
-3.1319731102362205
0
LINE
8
F.Cu
6
CONTINUOUS
10
4.4997820078740158
20
-3.1319731102362205
11
4.4974192125984249
21
-3.1262688188976377
0
LINE
8
F.Cu
6
CONTINUOUS
10
4.4974192125984249
20
-3.1262688188976377
11
4.4962146456692915
21
-3.120213149606299
0
LINE
8
F.Cu
6
CONTINUOUS
10
4.4962146456692915
20
-3.120213149606299
11
4.4962146456692915
21
-3.1140388188976376
0
LINE
8
F.Cu
6
CONTINUOUS
10
4.4962146456692915
20
-3.1140388188976376
11
4.4974192125984249
21
-3.1079831496062993
0
LINE
8
F.Cu
6
CONTINUOUS
10
4.4974192125984249
20
-3.1079831496062993
11
4.4997820078740158
21
-3.1022788582677165
0
LINE
8
F.Cu
6
CONTINUOUS
10
4.4997820078740158
20
-3.1022788582677165
11
4.5032122834645669
21
-3.0971450787401573
0
LINE
8
F.Cu
6
CONTINUOUS
10
4.5032122834645669
20
-3.0971450787401573
11
4.5075781496062994
21
-3.0927792125984253
0
LINE
8
F.Cu
6
CONTINUOUS
10
4.5075781496062994
20
-3.0927792125984253
11
4.5078740157480315
21
-3.092581496062992
0
LINE
8
F.Cu
6
CONTINUOUS
10
4.5078740157480315
20
-3.092581496062992
11
4.5078740157480315
21
-3.0416704330708662
0
LINE
8
F.Cu
6
CONTINUOUS
10
4.5078740157480315
20
-3.0416704330708662
11
4.5075781496062994
21
-3.0414727559055117
0
LINE
8
F.Cu
6
CONTINUOUS
10
4.5075781496062994
20
-3.0414727559055117
11
4.5032122834645669
21
-3.0371068897637796
0
LINE
8
F.Cu
6
CONTINUOUS
10
4.5032122834645669
20
-3.0371068897637796
11
4.4997820078740158
21
-3.0319731102362204
0
LINE
8
F.Cu
6
CONTINUOUS
10
4.4997820078740158
20
-3.0319731102362204
11
4.4974192125984249
21
-3.0262688188976377
0
LINE
8
F.Cu
6
CONTINUOUS
10
4.4974192125984249
20
-3.0262688188976377
11
4.4962146456692915
21
-3.0202131496062989
0
LINE
8
F.Cu
6
CONTINUOUS
10
4.4962146456692915
20
-3.0202131496062989
11
4.4962146456692915
21
-3.0140388188976379
0
LINE
8
F.Cu
6
CONTINUOUS
10
4.4962146456692915
20
-3.0140388188976379
11
4.4974192125984249
21
-3.0079831496062992
0
LINE
8
F.Cu
6
CONTINUOUS
10
4.4974192125984249
20
-3.0079831496062992
11
4.4997820078740158
21
-3.0022788582677165
0
LINE
8
F.Cu
6
CONTINUOUS
10
4.4997820078740158
20
-3.0022788582677165
11
4.5032122834645669
21
-2.9971450787401572
0
LINE
8
F.Cu
6
CONTINUOUS
10
4.5032122834645669
20
-2.9971450787401572
11
4.5075781496062994
21
-2.9927792125984252
0
LINE
8
F.Cu
6
CONTINUOUS
10
4.5075781496062994
20
-2.9927792125984252
11
4.5127119291338582
21
-2.9893489370078741
0
LINE
8
F.Cu
6
CONTINUOUS
10
4.5127119291338582
20
-2.9893489370078741
11
4.5184162204724405
21
-2.9869861417322836
0
LINE
8
F.Cu
6
CONTINUOUS
10
4.5184162204724405
20
-2.9869861417322836
11
4.5244718897637792
21
-2.9857815748031493
0
LINE
8
F.Cu
6
CONTINUOUS
10
4.5244718897637792
20
-2.9857815748031493
11
4.5306462204724411
21
-2.9857815748031493
0
LINE
8
F.Cu
6
CONTINUOUS
10
4.5306462204724411
20
-2.9857815748031493
11
4.5367018897637799
21
-2.9869861417322836
0
LINE
8
F.Cu
6
CONTINUOUS
10
4.8367018897637797
20
-3.3869861417322835
11
4.842406181102362
21
-3.389348937007874
0
LINE
8
F.Cu
6
CONTINUOUS
10
4.842406181102362
20
-3.389348937007874
11
4.8475399606299208
21
-3.3927792125984251
0
LINE
8
F.Cu
6
CONTINUOUS
10
4.8475399606299208
20
-3.3927792125984251
11
4.8519058267716533
21
-3.3971450787401576
0
LINE
8
F.Cu
6
CONTINUOUS
10
4.8519058267716533
20
-3.3971450787401576
11
4.8553361023622044
21
-3.4022788582677164
0
LINE
8
F.Cu
6
CONTINUOUS
10
4.8553361023622044
20
-3.4022788582677164
11
4.8576988976377953
21
-3.4079831496062991
0
LINE
8
F.Cu
6
CONTINUOUS
10
4.8576988976377953
20
-3.4079831496062991
11
4.8589034645669287
21
-3.4140388188976378
0
LINE
8
F.Cu
6
CONTINUOUS
10
4.8589034645669287
20
-3.4140388188976378
11
4.8589034645669287
21
-3.4202131496062993
0
LINE
8
F.Cu
6
CONTINUOUS
10
4.8589034645669287
20
-3.4202131496062993
11
4.8576988976377953
21
-3.4262688188976376
0
LINE
8
F.Cu
6
CONTINUOUS
10
4.8576988976377953
20
-3.4262688188976376
11
4.8553361023622044
21
-3.4319731102362203
0
LINE
8
F.Cu
6
CONTINUOUS
10
4.8553361023622044
20
-3.4319731102362203
11
4.8519058267716533
21
-3.4371068897637795
0
LINE
8
F.Cu
6
CONTINUOUS
10
4.8519058267716533
20
-3.4371068897637795
11
4.8475399606299208
21
-3.4414727559055116
0
LINE
8
F.Cu
6
CONTINUOUS
10
4.8475399606299208
20
-3.4414727559055116
11
4.842406181102362
21
-3.4449030314960627
0
LINE
8
F.Cu
6
CONTINUOUS
10
4.842406181102362
20
-3.4449030314960627
11
4.8367018897637797
21
-3.4472658267716536
0
LINE
8
F.Cu
6
CONTINUOUS
10
4.8367018897637797
20
-3.4472658267716536
11
4.830646220472441
21
-3.4484703937007875
0
LINE
8
F.Cu
6
CONTINUOUS
10
4.830646220472441
20
-3.4484703937007875
11
4.8244718897637791
21
-3.4484703937007875
0
LINE
8
F.Cu
6
CONTINUOUS
10
4.8244718897637791
20
-3.4484703937007875
11
4.8184162204724412
21
-3.4472658267716536
0
LINE
8
F.Cu
6
CONTINUOUS
10
4.8184162204724412
20
-3.4472658267716536
11
4.812711929133858
21
-3.4449030314960627
0
LINE
8
F.Cu
6
CONTINUOUS
10
4.812711929133858
20
-3.4449030314960627
11
4.8075781496062993
21
-3.4414727559055116
0
LINE
8
F.Cu
6
CONTINUOUS
10
4.8075781496062993
20
-3.4414727559055116
11
4.8032122834645667
21
-3.4371068897637795
0
LINE
8
F.Cu
6
CONTINUOUS
10
4.8032122834645667
20
-3.4371068897637795
11
4.7997820078740157
21
-3.4319731102362203
0
LINE
8
F.Cu
6
CONTINUOUS
10
4.7997820078740157
20
-3.4319731102362203
11
4.7974192125984247
21
-3.4262688188976376
0
LINE
8
F.Cu
6
CONTINUOUS
10
4.7974192125984247
20
-3.4262688188976376
11
4.7962146456692913
21
-3.4202131496062993
0
LINE
8
F.Cu
6
CONTINUOUS
10
4.7962146456692913
20
-3.4202131496062993
11
4.7962146456692913
21
-3.4140388188976378
0
LINE
8
F.Cu
6
CONTINUOUS
10
4.7962146456692913
20
-3.4140388188976378
11
4.7974192125984247
21
-3.4079831496062991
0
LINE
8
F.Cu
6
CONTINUOUS
10
4.7974192125984247
20
-3.4079831496062991
11
4.7997820078740157
21
-3.4022788582677164
0
LINE
8
F.Cu
6
CONTINUOUS
10
4.7997820078740157
20
-3.4022788582677164
11
4.8032122834645667
21
-3.3971450787401576
0
LINE
8
F.Cu
6
CONTINUOUS
10
4.8032122834645667
20
-3.3971450787401576
11
4.8075781496062993
21
-3.3927792125984251
0
LINE
8
F.Cu
6
CONTINUOUS
10
4.8075781496062993
20
-3.3927792125984251
11
4.812711929133858
21
-3.389348937007874
0
LINE
8
F.Cu
6
CONTINUOUS
10
4.812711929133858
20
-3.389348937007874
11
4.8184162204724412
21
-3.3869861417322835
0
LINE
8
F.Cu
6
CONTINUOUS
10
4.8184162204724412
20
-3.3869861417322835
11
4.8244718897637791
21
-3.3857815748031497
0
LINE
8
F.Cu
6
CONTINUOUS
10
4.8244718897637791
20
-3.3857815748031497
11
4.830646220472441
21
-3.3857815748031497
0
LINE
8
F.Cu
6
CONTINUOUS
10
4.830646220472441
20
-3.3857815748031497
11
4.8367018897637797
21
-3.3869861417322835
0
LINE
8
F.Cu
6
CONTINUOUS
10
5.7959538582677164
20
-3.3869861417322835
11
5.8016581496062987
21
-3.389348937007874
0
LINE
8
F.Cu
6
CONTINUOUS
10
5.8016581496062987
20
-3.389348937007874
11
5.8067919291338583
21
-3.3927792125984251
0
LINE
8
F.Cu
6
CONTINUOUS
10
5.8067919291338583
20
-3.3927792125984251
11
5.8111577952755908
21
-3.3971450787401576
0
LINE
8
F.Cu
6
CONTINUOUS
10
5.8111577952755908
20
-3.3971450787401576
11
5.8145880708661419
21
-3.4022788582677164
0
LINE
8
F.Cu
6
CONTINUOUS
10
5.8145880708661419
20
-3.4022788582677164
11
5.816950866141732
21
-3.4079831496062991
0
LINE
8
F.Cu
6
CONTINUOUS
10
5.816950866141732
20
-3.4079831496062991
11
5.8181554330708662
21
-3.4140388188976378
0
LINE
8
F.Cu
6
CONTINUOUS
10
5.8181554330708662
20
-3.4140388188976378
11
5.8181554330708662
21
-3.4202131496062993
0
LINE
8
F.Cu
6
CONTINUOUS
10
5.8181554330708662
20
-3.4202131496062993
11
5.816950866141732
21
-3.4262688188976376
0
LINE
8
F.Cu
6
CONTINUOUS
10
5.816950866141732
20
-3.4262688188976376
11
5.8145880708661419
21
-3.4319731102362203
0
LINE
8
F.Cu
6
CONTINUOUS
10
5.8145880708661419
20
-3.4319731102362203
11
5.8111577952755908
21
-3.4371068897637795
0
LINE
8
F.Cu
6
CONTINUOUS
10
5.8111577952755908
20
-3.4371068897637795
11
5.8067919291338583
21
-3.4414727559055116
0
LINE
8
F.Cu
6
CONTINUOUS
10
5.8067919291338583
20
-3.4414727559055116
11
5.8016581496062987
21
-3.4449030314960627
0
LINE
8
F.Cu
6
CONTINUOUS
10
5.8016581496062987
20
-3.4449030314960627
11
5.7959538582677164
21
-3.4472658267716536
0
LINE
8
F.Cu
6
CONTINUOUS
10
5.7959538582677164
20
-3.4472658267716536
11
5.7898981889763776
21
-3.4484703937007875
0
LINE
8
F.Cu
6
CONTINUOUS
10
5.7898981889763776
20
-3.4484703937007875
11
5.7837238582677166
21
-3.4484703937007875
0
LINE
8
F.Cu
6
CONTINUOUS
10
5.7837238582677166
20
-3.4484703937007875
11
5.7776681889763779
21
-3.4472658267716536
0
LINE
8
F.Cu
6
CONTINUOUS
10
5.7776681889763779
20
-3.4472658267716536
11
5.7719638976377947
21
-3.4449030314960627
0
LINE
8
F.Cu
6
CONTINUOUS
10
5.7719638976377947
20
-3.4449030314960627
11
5.7668301181102359
21
-3.4414727559055116
0
LINE
8
F.Cu
6
CONTINUOUS
10
5.7668301181102359
20
-3.4414727559055116
11
5.7624642519685034
21
-3.4371068897637795
0
LINE
8
F.Cu
6
CONTINUOUS
10
5.7624642519685034
20
-3.4371068897637795
11
5.7590339763779523
21
-3.4319731102362203
0
LINE
8
F.Cu
6
CONTINUOUS
10
5.7590339763779523
20
-3.4319731102362203
11
5.7566711811023623
21
-3.4262688188976376
0
LINE
8
F.Cu
6
CONTINUOUS
10
5.7566711811023623
20
-3.4262688188976376
11
5.755466614173228
21
-3.4202131496062993
0
LINE
8
F.Cu
6
CONTINUOUS
10
5.755466614173228
20
-3.4202131496062993
11
5.755466614173228
21
-3.4140388188976378
0
LINE
8
F.Cu
6
CONTINUOUS
10
5.755466614173228
20
-3.4140388188976378
11
5.7566711811023623
21
-3.4079831496062991
0
LINE
8
F.Cu
6
CONTINUOUS
10
5.7566711811023623
20
-3.4079831496062991
11
5.7590339763779523
21
-3.4022788582677164
0
LINE
8
F.Cu
6
CONTINUOUS
10
5.7590339763779523
20
-3.4022788582677164
11
5.7624642519685034
21
-3.3971450787401576
0
LINE
8
F.Cu
6
CONTINUOUS
10
5.7624642519685034
20
-3.3971450787401576
11
5.7668301181102359
21
-3.3927792125984251
0
LINE
8
F.Cu
6
CONTINUOUS
10
5.7668301181102359
20
-3.3927792125984251
11
5.7719638976377947
21
-3.389348937007874
0
LINE
8
F.Cu
6
CONTINUOUS
10
5.7719638976377947
20
-3.389348937007874
11
5.7776681889763779
21
-3.3869861417322835
0
LINE
8
F.Cu
6
CONTINUOUS
10
5.7776681889763779
20
-3.3869861417322835
11
5.7837238582677166
21
-3.3857815748031497
0
LINE
8
F.Cu
6
CONTINUOUS
10
5.7837238582677166
20
-3.3857815748031497
11
5.7898981889763776
21
-3.3857815748031497
0
LINE
8
F.Cu
6
CONTINUOUS
10
5.7898981889763776
20
-3.3857815748031497
11
5.7959538582677164
21
-3.3869861417322835
0
LINE
8
F.Cu
6
CONTINUOUS
10
6.898906614173228
20
-3.3869861417322835
11
6.9046109055118112
21
-3.389348937007874
0
LINE
8
F.Cu
6
CONTINUOUS
10
6.9046109055118112
20
-3.389348937007874
11
6.90974468503937
21
-3.3927792125984251
0
LINE
8
F.Cu
6
CONTINUOUS
10
6.90974468503937
20
-3.3927792125984251
11
6.9141105511811025
21
-3.3971450787401576
0
LINE
8
F.Cu
6
CONTINUOUS
10
6.9141105511811025
20
-3.3971450787401576
11
6.9175408267716536
21
-3.4022788582677164
0
LINE
8
F.Cu
6
CONTINUOUS
10
6.9175408267716536
20
-3.4022788582677164
11
6.9199036220472436
21
-3.4079831496062991
0
LINE
8
F.Cu
6
CONTINUOUS
10
6.9199036220472436
20
-3.4079831496062991
11
6.9211081889763779
21
-3.4140388188976378
0
LINE
8
F.Cu
6
CONTINUOUS
10
6.9211081889763779
20
-3.4140388188976378
11
6.9211081889763779
21
-3.4202131496062993
0
LINE
8
F.Cu
6
CONTINUOUS
10
6.9211081889763779
20
-3.4202131496062993
11
6.9199036220472436
21
-3.4262688188976376
0
LINE
8
F.Cu
6
CONTINUOUS
10
6.9199036220472436
20
-3.4262688188976376
11
6.9175408267716536
21
-3.4319731102362203
0
LINE
8
F.Cu
6
CONTINUOUS
10
6.9175408267716536
20
-3.4319731102362203
11
6.9141105511811025
21
-3.4371068897637795
0
LINE
8
F.Cu
6
CONTINUOUS
10
6.9141105511811025
20
-3.4371068897637795
11
6.90974468503937
21
-3.4414727559055116
0
LINE
8
F.Cu
6
CONTINUOUS
10
6.90974468503937
20
-3.4414727559055116
11
6.9046109055118112
21
-3.4449030314960627
0
LINE
8
F.Cu
6
CONTINUOUS
10
6.9046109055118112
20
-3.4449030314960627
11
6.898906614173228
21
-3.4472658267716536
0
LINE
8
F.Cu
6
CONTINUOUS
10
6.898906614173228
20
-3.4472658267716536
11
6.8928509448818893
21
-3.4484703937007875
0
LINE
8
F.Cu
6
CONTINUOUS
10
6.8928509448818893
20
-3.4484703937007875
11
6.8866766141732283
21
-3.4484703937007875
0
LINE
8
F.Cu
6
CONTINUOUS
10
6.8866766141732283
20
-3.4484703937007875
11
6.8806209448818896
21
-3.4472658267716536
0
LINE
8
F.Cu
6
CONTINUOUS
10
6.8806209448818896
20
-3.4472658267716536
11
6.8749166535433073
21
-3.4449030314960627
0
LINE
8
F.Cu
6
CONTINUOUS
10
6.8749166535433073
20
-3.4449030314960627
11
6.8697828740157476
21
-3.4414727559055116
0
LINE
8
F.Cu
6
CONTINUOUS
10
6.8697828740157476
20
-3.4414727559055116
11
6.865417007874016
21
-3.4371068897637795
0
LINE
8
F.Cu
6
CONTINUOUS
10
6.865417007874016
20
-3.4371068897637795
11
6.861986732283464
21
-3.4319731102362203
0
LINE
8
F.Cu
6
CONTINUOUS
10
6.861986732283464
20
-3.4319731102362203
11
6.859623937007874
21
-3.4262688188976376
0
LINE
8
F.Cu
6
CONTINUOUS
10
6.859623937007874
20
-3.4262688188976376
11
6.8584193700787397
21
-3.4202131496062993
0
LINE
8
F.Cu
6
CONTINUOUS
10
6.8584193700787397
20
-3.4202131496062993
11
6.8584193700787397
21
-3.4140388188976378
0
LINE
8
F.Cu
6
CONTINUOUS
10
6.8584193700787397
20
-3.4140388188976378
11
6.859623937007874
21
-3.4079831496062991
0
LINE
8
F.Cu
6
CONTINUOUS
10
6.859623937007874
20
-3.4079831496062991
11
6.861986732283464
21
-3.4022788582677164
0
LINE
8
F.Cu
6
CONTINUOUS
10
6.861986732283464
20
-3.4022788582677164
11
6.865417007874016
21
-3.3971450787401576
0
LINE
8
F.Cu
6
CONTINUOUS
10
6.865417007874016
20
-3.3971450787401576
11
6.8697828740157476
21
-3.3927792125984251
0
LINE
8
F.Cu
6
CONTINUOUS
10
6.8697828740157476
20
-3.3927792125984251
11
6.8749166535433073
21
-3.389348937007874
0
LINE
8
F.Cu
6
CONTINUOUS
10
6.8749166535433073
20
-3.389348937007874
11
6.8806209448818896
21
-3.3869861417322835
0
LINE
8
F.Cu
6
CONTINUOUS
10
6.8806209448818896
20
-3.3869861417322835
11
6.8866766141732283
21
-3.3857815748031497
0
LINE
8
F.Cu
6
CONTINUOUS
10
6.8866766141732283
20
-3.3857815748031497
11
6.8928509448818893
21
-3.3857815748031497
0
LINE
8
F.Cu
6
CONTINUOUS
10
6.8928509448818893
20
-3.3857815748031497
11
6.898906614173228
21
-3.3869861417322835
0
LINE
8
F.Cu
6
CONTINUOUS
10
4.5367018897637799
20
-3.2869861417322834
11
4.5424061811023622
21
-3.2893489370078739
0
LINE
8
F.Cu
6
CONTINUOUS
10
4.5424061811023622
20
-3.2893489370078739
11
4.5475399606299209
21
-3.292779212598425
0
LINE
8
F.Cu
6
CONTINUOUS
10
4.5475399606299209
20
-3.292779212598425
11
4.5519058267716535
21
-3.2971450787401575
0
LINE
8
F.Cu
6
CONTINUOUS
10
4.5519058267716535
20
-3.2971450787401575
11
4.5553361023622045
21
-3.3022788582677163
0
LINE
8
F.Cu
6
CONTINUOUS
10
4.5553361023622045
20
-3.3022788582677163
11
4.5576988976377955
21
-3.307983149606299
0
LINE
8
F.Cu
6
CONTINUOUS
10
4.5576988976377955
20
-3.307983149606299
11
4.5589034645669289
21
-3.3140388188976377
0
LINE
8
F.Cu
6
CONTINUOUS
10
4.5589034645669289
20
-3.3140388188976377
11
4.5589034645669289
21
-3.3202131496062992
0
LINE
8
F.Cu
6
CONTINUOUS
10
4.5589034645669289
20
-3.3202131496062992
11
4.5576988976377955
21
-3.3262688188976379
0
LINE
8
F.Cu
6
CONTINUOUS
10
4.5576988976377955
20
-3.3262688188976379
11
4.5553361023622045
21
-3.3319731102362202
0
LINE
8
F.Cu
6
CONTINUOUS
10
4.5553361023622045
20
-3.3319731102362202
11
4.5519058267716535
21
-3.3371068897637794
0
LINE
8
F.Cu
6
CONTINUOUS
10
4.5519058267716535
20
-3.3371068897637794
11
4.5475399606299209
21
-3.3414727559055115
0
LINE
8
F.Cu
6
CONTINUOUS
10
4.5475399606299209
20
-3.3414727559055115
11
4.5424061811023622
21
-3.3449030314960631
0
LINE
8
F.Cu
6
CONTINUOUS
10
4.5424061811023622
20
-3.3449030314960631
11
4.5367018897637799
21
-3.3472658267716535
0
LINE
8
F.Cu
6
CONTINUOUS
10
4.5367018897637799
20
-3.3472658267716535
11
4.5306462204724411
21
-3.3484703937007874
0
LINE
8
F.Cu
6
CONTINUOUS
10
4.5306462204724411
20
-3.3484703937007874
11
4.5244718897637792
21
-3.3484703937007874
0
LINE
8
F.Cu
6
CONTINUOUS
10
4.5244718897637792
20
-3.3484703937007874
11
4.5184162204724405
21
-3.3472658267716535
0
LINE
8
F.Cu
6
CONTINUOUS
10
4.5184162204724405
20
-3.3472658267716535
11
4.5127119291338582
21
-3.3449030314960631
0
LINE
8
F.Cu
6
CONTINUOUS
10
4.5127119291338582
20
-3.3449030314960631
11
4.5075781496062994
21
-3.3414727559055115
0
LINE
8
F.Cu
6
CONTINUOUS
10
4.5075781496062994
20
-3.3414727559055115
11
4.5032122834645669
21
-3.3371068897637794
0
LINE
8
F.Cu
6
CONTINUOUS
10
4.5032122834645669
20
-3.3371068897637794
11
4.4997820078740158
21
-3.3319731102362202
0
LINE
8
F.Cu
6
CONTINUOUS
10
4.4997820078740158
20
-3.3319731102362202
11
4.4974192125984249
21
-3.3262688188976379
0
LINE
8
F.Cu
6
CONTINUOUS
10
4.4974192125984249
20
-3.3262688188976379
11
4.4962146456692915
21
-3.3202131496062992
0
LINE
8
F.Cu
6
CONTINUOUS
10
4.4962146456692915
20
-3.3202131496062992
11
4.4962146456692915
21
-3.3140388188976377
0
LINE
8
F.Cu
6
CONTINUOUS
10
4.4962146456692915
20
-3.3140388188976377
11
4.4974192125984249
21
-3.307983149606299
0
LINE
8
F.Cu
6
CONTINUOUS
10
4.4974192125984249
20
-3.307983149606299
11
4.4997820078740158
21
-3.3022788582677163
0
LINE
8
F.Cu
6
CONTINUOUS
10
4.4997820078740158
20
-3.3022788582677163
11
4.5032122834645669
21
-3.2971450787401575
0
LINE
8
F.Cu
6
CONTINUOUS
10
4.5032122834645669
20
-3.2971450787401575
11
4.5075781496062994
21
-3.292779212598425
0
LINE
8
F.Cu
6
CONTINUOUS
10
4.5075781496062994
20
-3.292779212598425
11
4.5127119291338582
21
-3.2893489370078739
0
LINE
8
F.Cu
6
CONTINUOUS
10
4.5127119291338582
20
-3.2893489370078739
11
4.5184162204724405
21
-3.2869861417322834
0
LINE
8
F.Cu
6
CONTINUOUS
10
4.5184162204724405
20
-3.2869861417322834
11
4.5244718897637792
21
-3.2857815748031496
0
LINE
8
F.Cu
6
CONTINUOUS
10
4.5244718897637792
20
-3.2857815748031496
11
4.5306462204724411
21
-3.2857815748031496
0
LINE
8
F.Cu
6
CONTINUOUS
10
4.5306462204724411
20
-3.2857815748031496
11
4.5367018897637799
21
-3.2869861417322834
0
LINE
8
F.Cu
6
CONTINUOUS
10
4.8367018897637797
20
-3.2869861417322834
11
4.842406181102362
21
-3.2893489370078739
0
LINE
8
F.Cu
6
CONTINUOUS
10
4.842406181102362
20
-3.2893489370078739
11
4.8475399606299208
21
-3.292779212598425
0
LINE
8
F.Cu
6
CONTINUOUS
10
4.8475399606299208
20
-3.292779212598425
11
4.8519058267716533
21
-3.2971450787401575
0
LINE
8
F.Cu
6
CONTINUOUS
10
4.8519058267716533
20
-3.2971450787401575
11
4.8553361023622044
21
-3.3022788582677163
0
LINE
8
F.Cu
6
CONTINUOUS
10
4.8553361023622044
20
-3.3022788582677163
11
4.8576988976377953
21
-3.307983149606299
0
LINE
8
F.Cu
6
CONTINUOUS
10
4.8576988976377953
20
-3.307983149606299
11
4.8589034645669287
21
-3.3140388188976377
0
LINE
8
F.Cu
6
CONTINUOUS
10
4.8589034645669287
20
-3.3140388188976377
11
4.8589034645669287
21
-3.3202131496062992
0
LINE
8
F.Cu
6
CONTINUOUS
10
4.8589034645669287
20
-3.3202131496062992
11
4.8576988976377953
21
-3.3262688188976379
0
LINE
8
F.Cu
6
CONTINUOUS
10
4.8576988976377953
20
-3.3262688188976379
11
4.8553361023622044
21
-3.3319731102362202
0
LINE
8
F.Cu
6
CONTINUOUS
10
4.8553361023622044
20
-3.3319731102362202
11
4.8519058267716533
21
-3.3371068897637794
0
LINE
8
F.Cu
6
CONTINUOUS
10
4.8519058267716533
20
-3.3371068897637794
11
4.8475399606299208
21
-3.3414727559055115
0
LINE
8
F.Cu
6
CONTINUOUS
10
4.8475399606299208
20
-3.3414727559055115
11
4.842406181102362
21
-3.3449030314960631
0
LINE
8
F.Cu
6
CONTINUOUS
10
4.842406181102362
20
-3.3449030314960631
11
4.8367018897637797
21
-3.3472658267716535
0
LINE
8
F.Cu
6
CONTINUOUS
10
4.8367018897637797
20
-3.3472658267716535
11
4.830646220472441
21
-3.3484703937007874
0
LINE
8
F.Cu
6
CONTINUOUS
10
4.830646220472441
20
-3.3484703937007874
11
4.8244718897637791
21
-3.3484703937007874
0
LINE
8
F.Cu
6
CONTINUOUS
10
4.8244718897637791
20
-3.3484703937007874
11
4.8184162204724412
21
-3.3472658267716535
0
LINE
8
F.Cu
6
CONTINUOUS
10
4.8184162204724412
20
-3.3472658267716535
11
4.812711929133858
21
-3.3449030314960631
0
LINE
8
F.Cu
6
CONTINUOUS
10
4.812711929133858
20
-3.3449030314960631
11
4.8075781496062993
21
-3.3414727559055115
0
LINE
8
F.Cu
6
CONTINUOUS
10
4.8075781496062993
20
-3.3414727559055115
11
4.8032122834645667
21
-3.3371068897637794
0
LINE
8
F.Cu
6
CONTINUOUS
10
4.8032122834645667
20
-3.3371068897637794
11
4.7997820078740157
21
-3.3319731102362202
0
LINE
8
F.Cu
6
CONTINUOUS
10
4.7997820078740157
20
-3.3319731102362202
11
4.7974192125984247
21
-3.3262688188976379
0
LINE
8
F.Cu
6
CONTINUOUS
10
4.7974192125984247
20
-3.3262688188976379
11
4.7962146456692913
21
-3.3202131496062992
0
LINE
8
F.Cu
6
CONTINUOUS
10
4.7962146456692913
20
-3.3202131496062992
11
4.7962146456692913
21
-3.3140388188976377
0
LINE
8
F.Cu
6
CONTINUOUS
10
4.7962146456692913
20
-3.3140388188976377
11
4.7974192125984247
21
-3.307983149606299
0
LINE
8
F.Cu
6
CONTINUOUS
10
4.7974192125984247
20
-3.307983149606299
11
4.7997820078740157
21
-3.3022788582677163
0
LINE
8
F.Cu
6
CONTINUOUS
10
4.7997820078740157
20
-3.3022788582677163
11
4.8032122834645667
21
-3.2971450787401575
0
LINE
8
F.Cu
6
CONTINUOUS
10
4.8032122834645667
20
-3.2971450787401575
11
4.8075781496062993
21
-3.292779212598425
0
LINE
8
F.Cu
6
CONTINUOUS
10
4.8075781496062993
20
-3.292779212598425
11
4.812711929133858
21
-3.2893489370078739
0
LINE
8
F.Cu
6
CONTINUOUS
10
4.812711929133858
20
-3.2893489370078739
11
4.8184162204724412
21
-3.2869861417322834
0
LINE
8
F.Cu
6
CONTINUOUS
10
4.8184162204724412
20
-3.2869861417322834
11
4.8244718897637791
21
-3.2857815748031496
0
LINE
8
F.Cu
6
CONTINUOUS
10
4.8244718897637791
20
-3.2857815748031496
11
4.830646220472441
21
-3.2857815748031496
0
LINE
8
F.Cu
6
CONTINUOUS
10
4.830646220472441
20
-3.2857815748031496
11
4.8367018897637797
21
-3.2869861417322834
0
LINE
8
F.Cu
6
CONTINUOUS
10
6.5311121259842517
20
-2.7363888582677163
11
6.531112716535433
21
-2.7363888582677163
0
LINE
8
F.Cu
6
CONTINUOUS
10
6.531112716535433
20
-2.7363888582677163
11
6.5360764566929133
21
-2.7377188976377953
0
LINE
8
F.Cu
6
CONTINUOUS
10
6.5360764566929133
20
-2.7377188976377953
11
6.5405268110236223
21
-2.740288307086614
0
LINE
8
F.Cu
6
CONTINUOUS
10
6.5405268110236223
20
-2.740288307086614
11
6.5405274015748027
21
-2.7402888976377953
0
LINE
8
F.Cu
6
CONTINUOUS
10
6.5405274015748027
20
-2.7402888976377953
11
6.5424627165354332
21
-2.7419861023622047
0
LINE
8
F.Cu
6
CONTINUOUS
10
6.5424627165354332
20
-2.7419861023622047
11
6.5861065354330703
21
-2.7856299212598423
0
LINE
8
F.Cu
6
CONTINUOUS
10
6.5861065354330703
20
-2.7856299212598423
11
6.6114173228346456
21
-2.7856299212598423
0
LINE
8
F.Cu
6
CONTINUOUS
10
6.6114173228346456
20
-2.7856299212598423
11
6.6151838976377952
21
-2.7863791338582677
0
LINE
8
F.Cu
6
CONTINUOUS
10
6.6151838976377952
20
-2.7863791338582677
11
6.6183770472440946
21
-2.7885127165354331
0
LINE
8
F.Cu
6
CONTINUOUS
10
6.6183770472440946
20
-2.7885127165354331
11
6.6205106299212595
21
-2.7917058661417324
0
LINE
8
F.Cu
6
CONTINUOUS
10
6.6205106299212595
20
-2.7917058661417324
11
6.6212598425196845
21
-2.7954724409448817
0
LINE
8
F.Cu
6
CONTINUOUS
10
6.6212598425196845
20
-2.7954724409448817
11
6.6212598425196845
21
-2.8387795275590553
0
LINE
8
F.Cu
6
CONTINUOUS
10
6.6212598425196845
20
-2.8387795275590553
11
6.6205106299212595
21
-2.8425461023622045
0
LINE
8
F.Cu
6
CONTINUOUS
10
6.6205106299212595
20
-2.8425461023622045
11
6.6183770472440946
21
-2.8457392519685039
0
LINE
8
F.Cu
6
CONTINUOUS
10
6.6183770472440946
20
-2.8457392519685039
11
6.6151838976377952
21
-2.8478728346456692
0
LINE
8
F.Cu
6
CONTINUOUS
10
6.6151838976377952
20
-2.8478728346456692
11
6.6114173228346456
21
-2.8486220472440946
0
LINE
8
F.Cu
6
CONTINUOUS
10
6.6114173228346456
20
-2.8486220472440946
11
6.5681102362204724
21
-2.8486220472440946
0
LINE
8
F.Cu
6
CONTINUOUS
10
6.5681102362204724
20
-2.8486220472440946
11
6.5643436614173227
21
-2.8478728346456692
0
LINE
8
F.Cu
6
CONTINUOUS
10
6.5643436614173227
20
-2.8478728346456692
11
6.5611505118110234
21
-2.8457392519685039
0
LINE
8
F.Cu
6
CONTINUOUS
10
6.5611505118110234
20
-2.8457392519685039
11
6.5590169291338585
21
-2.8425461023622045
0
LINE
8
F.Cu
6
CONTINUOUS
10
6.5590169291338585
20
-2.8425461023622045
11
6.5582677165354326
21
-2.8387795275590553
0
LINE
8
F.Cu
6
CONTINUOUS
10
6.5582677165354326
20
-2.8387795275590553
11
6.5582677165354326
21
-2.8134687401574801
0
LINE
8
F.Cu
6
CONTINUOUS
10
6.5582677165354326
20
-2.8134687401574801
11
6.5203895275590549
21
-2.7755905511811023
0
LINE
8
F.Cu
6
CONTINUOUS
10
6.5203895275590549
20
-2.7755905511811023
11
5.7726687401574805
21
-2.7755905511811023
0
LINE
8
F.Cu
6
CONTINUOUS
10
5.7726687401574805
20
-2.7755905511811023
11
5.7474409448818893
21
-2.8008183070866139
0
LINE
8
F.Cu
6
CONTINUOUS
10
5.7474409448818893
20
-2.8008183070866139
11
5.7474409448818893
21
-3.0761811023622045
0
LINE
8
F.Cu
6
CONTINUOUS
10
5.7474409448818893
20
-3.0761811023622045
11
5.7472725590551184
21
-3.0787498818897636
0
LINE
8
F.Cu
6
CONTINUOUS
10
5.7472725590551184
20
-3.0787498818897636
11
5.7472725590551184
21
-3.0787505118110237
0
LINE
8
F.Cu
6
CONTINUOUS
10
5.7472725590551184
20
-3.0787505118110237
11
5.7459425196850393
21
-3.0837142519685039
0
LINE
8
F.Cu
6
CONTINUOUS
10
5.7459425196850393
20
-3.0837142519685039
11
5.7433731102362202
21
-3.0881646062992125
0
LINE
8
F.Cu
6
CONTINUOUS
10
5.7433731102362202
20
-3.0881646062992125
11
5.7433724803149602
21
-3.0881651968503938
0
LINE
8
F.Cu
6
CONTINUOUS
10
5.7433724803149602
20
-3.0881651968503938
11
5.7416753149606299
21
-3.0901005118110234
0
LINE
8
F.Cu
6
CONTINUOUS
10
5.7416753149606299
20
-3.0901005118110234
11
5.5180859842519681
21
-3.313689803149606
0
LINE
8
F.Cu
6
CONTINUOUS
10
5.5180859842519681
20
-3.313689803149606
11
5.5181554330708664
21
-3.3140388188976377
0
LINE
8
F.Cu
6
CONTINUOUS
10
5.5181554330708664
20
-3.3140388188976377
11
5.5181554330708664
21
-3.3202131496062992
0
LINE
8
F.Cu
6
CONTINUOUS
10
5.5181554330708664
20
-3.3202131496062992
11
5.5169508661417321
21
-3.3262688188976379
0
LINE
8
F.Cu
6
CONTINUOUS
10
5.5169508661417321
20
-3.3262688188976379
11
5.5145880708661412
21
-3.3319731102362202
0
LINE
8
F.Cu
6
CONTINUOUS
10
5.5145880708661412
20
-3.3319731102362202
11
5.5111577952755901
21
-3.3371068897637794
0
LINE
8
F.Cu
6
CONTINUOUS
10
5.5111577952755901
20
-3.3371068897637794
11
5.5067919291338585
21
-3.3414727559055115
0
LINE
8
F.Cu
6
CONTINUOUS
10
5.5067919291338585
20
-3.3414727559055115
11
5.5016581496062988
21
-3.3449030314960631
0
LINE
8
F.Cu
6
CONTINUOUS
10
5.5016581496062988
20
-3.3449030314960631
11
5.4959538582677165
21
-3.3472658267716535
0
LINE
8
F.Cu
6
CONTINUOUS
10
5.4959538582677165
20
-3.3472658267716535
11
5.4898981889763778
21
-3.3484703937007874
0
LINE
8
F.Cu
6
CONTINUOUS
10
5.4898981889763778
20
-3.3484703937007874
11
5.4837238582677168
21
-3.3484703937007874
0
LINE
8
F.Cu
6
CONTINUOUS
10
5.4837238582677168
20
-3.3484703937007874
11
5.4776681889763781
21
-3.3472658267716535
0
LINE
8
F.Cu
6
CONTINUOUS
10
5.4776681889763781
20
-3.3472658267716535
11
5.4719638976377949
21
-3.3449030314960631
0
LINE
8
F.Cu
6
CONTINUOUS
10
5.4719638976377949
20
-3.3449030314960631
11
5.4668301181102361
21
-3.3414727559055115
0
LINE
8
F.Cu
6
CONTINUOUS
10
5.4668301181102361
20
-3.3414727559055115
11
5.4624642519685036
21
-3.3371068897637794
0
LINE
8
F.Cu
6
CONTINUOUS
10
5.4624642519685036
20
-3.3371068897637794
11
5.4590339763779525
21
-3.3319731102362202
0
LINE
8
F.Cu
6
CONTINUOUS
10
5.4590339763779525
20
-3.3319731102362202
11
5.4566711811023625
21
-3.3262688188976379
0
LINE
8
F.Cu
6
CONTINUOUS
10
5.4566711811023625
20
-3.3262688188976379
11
5.4554666141732282
21
-3.3202131496062992
0
LINE
8
F.Cu
6
CONTINUOUS
10
5.4554666141732282
20
-3.3202131496062992
11
5.4554666141732282
21
-3.3140388188976377
0
LINE
8
F.Cu
6
CONTINUOUS
10
5.4554666141732282
20
-3.3140388188976377
11
5.4566711811023625
21
-3.307983149606299
0
LINE
8
F.Cu
6
CONTINUOUS
10
5.4566711811023625
20
-3.307983149606299
11
5.4590339763779525
21
-3.3022788582677163
0
LINE
8
F.Cu
6
CONTINUOUS
10
5.4590339763779525
20
-3.3022788582677163
11
5.4624642519685036
21
-3.2971450787401575
0
LINE
8
F.Cu
6
CONTINUOUS
10
5.4624642519685036
20
-3.2971450787401575
11
5.4668301181102361
21
-3.292779212598425
0
LINE
8
F.Cu
6
CONTINUOUS
10
5.4668301181102361
20
-3.292779212598425
11
5.4719638976377949
21
-3.2893489370078739
0
LINE
8
F.Cu
6
CONTINUOUS
10
5.4719638976377949
20
-3.2893489370078739
11
5.4776681889763781
21
-3.2869861417322834
0
LINE
8
F.Cu
6
CONTINUOUS
10
5.4776681889763781
20
-3.2869861417322834
11
5.4837238582677168
21
-3.2857815748031496
0
LINE
8
F.Cu
6
CONTINUOUS
10
5.4837238582677168
20
-3.2857815748031496
11
5.4898981889763778
21
-3.2857815748031496
0
LINE
8
F.Cu
6
CONTINUOUS
10
5.4898981889763778
20
-3.2857815748031496
11
5.4902471653543303
21
-3.2858509842519683
0
LINE
8
F.Cu
6
CONTINUOUS
10
5.4902471653543303
20
-3.2858509842519683
11
5.7080708661417319
21
-3.0680273228346455
0
LINE
8
F.Cu
6
CONTINUOUS
10
5.7080708661417319
20
-3.0680273228346455
11
5.7080708661417319
21
-2.7926645275590549
0
LINE
8
F.Cu
6
CONTINUOUS
10
5.7080708661417319
20
-2.7926645275590549
11
5.7082392519685037
21
-2.7900957086614171
0
LINE
8
F.Cu
6
CONTINUOUS
10
5.7082392519685037
20
-2.7900957086614171
11
5.7082392519685037
21
-2.7900951181102362
0
LINE
8
F.Cu
6
CONTINUOUS
10
5.7082392519685037
20
-2.7900951181102362
11
5.7095692913385827
21
-2.785131377952756
0
LINE
8
F.Cu
6
CONTINUOUS
10
5.7095692913385827
20
-2.785131377952756
11
5.7121387007874018
21
-2.7806810236220474
0
LINE
8
F.Cu
6
CONTINUOUS
10
5.7121387007874018
20
-2.7806810236220474
11
5.7121392913385822
21
-2.7806803937007873
0
LINE
8
F.Cu
6
CONTINUOUS
10
5.7121392913385822
20
-2.7806803937007873
11
5.7138364960629922
21
-2.7787451181102361
0
LINE
8
F.Cu
6
CONTINUOUS
10
5.7138364960629922
20
-2.7787451181102361
11
5.7505955118110235
21
-2.741986062992126
0
LINE
8
F.Cu
6
CONTINUOUS
10
5.7505955118110235
20
-2.741986062992126
11
5.7525311023622043
21
-2.7402885826771652
0
LINE
8
F.Cu
6
CONTINUOUS
10
5.7525311023622043
20
-2.7402885826771652
11
5.7525314173228344
21
-2.740288307086614
0
LINE
8
F.Cu
6
CONTINUOUS
10
5.7525314173228344
20
-2.740288307086614
11
5.7569817716535434
21
-2.7377188976377953
0
LINE
8
F.Cu
6
CONTINUOUS
10
5.7569817716535434
20
-2.7377188976377953
11
5.7580307086614173
21
-2.7374377952755906
0
LINE
8
F.Cu
6
CONTINUOUS
10
5.7580307086614173
20
-2.7374377952755906
11
5.7619455118110237
21
-2.7363888582677163
0
LINE
8
F.Cu
6
CONTINUOUS
10
5.7619455118110237
20
-2.7363888582677163
11
5.7619461023622049
21
-2.7363888582677163
0
LINE
8
F.Cu
6
CONTINUOUS
10
5.7619461023622049
20
-2.7363888582677163
11
5.7645149212598428
21
-2.7362204724409449
0
LINE
8
F.Cu
6
CONTINUOUS
10
5.7645149212598428
20
-2.7362204724409449
11
6.5285433070866139
21
-2.7362204724409449
0
LINE
8
F.Cu
6
CONTINUOUS
10
6.5285433070866139
20
-2.7362204724409449
11
6.5311121259842517
21
-2.7363888582677163
0
LINE
8
F.Cu
6
CONTINUOUS
10
5.7959538582677164
20
-3.2869861417322834
11
5.8016581496062987
21
-3.2893489370078739
0
LINE
8
F.Cu
6
CONTINUOUS
10
5.8016581496062987
20
-3.2893489370078739
11
5.8067919291338583
21
-3.292779212598425
0
LINE
8
F.Cu
6
CONTINUOUS
10
5.8067919291338583
20
-3.292779212598425
11
5.8111577952755908
21
-3.2971450787401575
0
LINE
8
F.Cu
6
CONTINUOUS
10
5.8111577952755908
20
-3.2971450787401575
11
5.8145880708661419
21
-3.3022788582677163
0
LINE
8
F.Cu
6
CONTINUOUS
10
5.8145880708661419
20
-3.3022788582677163
11
5.816950866141732
21
-3.307983149606299
0
LINE
8
F.Cu
6
CONTINUOUS
10
5.816950866141732
20
-3.307983149606299
11
5.8181554330708662
21
-3.3140388188976377
0
LINE
8
F.Cu
6
CONTINUOUS
10
5.8181554330708662
20
-3.3140388188976377
11
5.8181554330708662
21
-3.3202131496062992
0
LINE
8
F.Cu
6
CONTINUOUS
10
5.8181554330708662
20
-3.3202131496062992
11
5.816950866141732
21
-3.3262688188976379
0
LINE
8
F.Cu
6
CONTINUOUS
10
5.816950866141732
20
-3.3262688188976379
11
5.8145880708661419
21
-3.3319731102362202
0
LINE
8
F.Cu
6
CONTINUOUS
10
5.8145880708661419
20
-3.3319731102362202
11
5.8111577952755908
21
-3.3371068897637794
0
LINE
8
F.Cu
6
CONTINUOUS
10
5.8111577952755908
20
-3.3371068897637794
11
5.8067919291338583
21
-3.3414727559055115
0
LINE
8
F.Cu
6
CONTINUOUS
10
5.8067919291338583
20
-3.3414727559055115
11
5.8016581496062987
21
-3.3449030314960631
0
LINE
8
F.Cu
6
CONTINUOUS
10
5.8016581496062987
20
-3.3449030314960631
11
5.7959538582677164
21
-3.3472658267716535
0
LINE
8
F.Cu
6
CONTINUOUS
10
5.7959538582677164
20
-3.3472658267716535
11
5.7898981889763776
21
-3.3484703937007874
0
LINE
8
F.Cu
6
CONTINUOUS
10
5.7898981889763776
20
-3.3484703937007874
11
5.7837238582677166
21
-3.3484703937007874
0
LINE
8
F.Cu
6
CONTINUOUS
10
5.7837238582677166
20
-3.3484703937007874
11
5.7776681889763779
21
-3.3472658267716535
0
LINE
8
F.Cu
6
CONTINUOUS
10
5.7776681889763779
20
-3.3472658267716535
11
5.7719638976377947
21
-3.3449030314960631
0
LINE
8
F.Cu
6
CONTINUOUS
10
5.7719638976377947
20
-3.3449030314960631
11
5.7668301181102359
21
-3.3414727559055115
0
LINE
8
F.Cu
6
CONTINUOUS
10
5.7668301181102359
20
-3.3414727559055115
11
5.7624642519685034
21
-3.3371068897637794
0
LINE
8
F.Cu
6
CONTINUOUS
10
5.7624642519685034
20
-3.3371068897637794
11
5.7590339763779523
21
-3.3319731102362202
0
LINE
8
F.Cu
6
CONTINUOUS
10
5.7590339763779523
20
-3.3319731102362202
11
5.7566711811023623
21
-3.3262688188976379
0
LINE
8
F.Cu
6
CONTINUOUS
10
5.7566711811023623
20
-3.3262688188976379
11
5.755466614173228
21
-3.3202131496062992
0
LINE
8
F.Cu
6
CONTINUOUS
10
5.755466614173228
20
-3.3202131496062992
11
5.755466614173228
21
-3.3140388188976377
0
LINE
8
F.Cu
6
CONTINUOUS
10
5.755466614173228
20
-3.3140388188976377
11
5.7566711811023623
21
-3.307983149606299
0
LINE
8
F.Cu
6
CONTINUOUS
10
5.7566711811023623
20
-3.307983149606299
11
5.7590339763779523
21
-3.3022788582677163
0
LINE
8
F.Cu
6
CONTINUOUS
10
5.7590339763779523
20
-3.3022788582677163
11
5.7624642519685034
21
-3.2971450787401575
0
LINE
8
F.Cu
6
CONTINUOUS
10
5.7624642519685034
20
-3.2971450787401575
11
5.7668301181102359
21
-3.292779212598425
0
LINE
8
F.Cu
6
CONTINUOUS
10
5.7668301181102359
20
-3.292779212598425
11
5.7719638976377947
21
-3.2893489370078739
0
LINE
8
F.Cu
6
CONTINUOUS
10
5.7719638976377947
20
-3.2893489370078739
11
5.7776681889763779
21
-3.2869861417322834
0
LINE
8
F.Cu
6
CONTINUOUS
10
5.7776681889763779
20
-3.2869861417322834
11
5.7837238582677166
21
-3.2857815748031496
0
LINE
8
F.Cu
6
CONTINUOUS
10
5.7837238582677166
20
-3.2857815748031496
11
5.7898981889763776
21
-3.2857815748031496
0
LINE
8
F.Cu
6
CONTINUOUS
10
5.7898981889763776
20
-3.2857815748031496
11
5.7959538582677164
21
-3.2869861417322834
0
LINE
8
F.Cu
6
CONTINUOUS
10
6.5989066141732282
20
-3.2869861417322834
11
6.6046109055118105
21
-3.2893489370078739
0
LINE
8
F.Cu
6
CONTINUOUS
10
6.6046109055118105
20
-3.2893489370078739
11
6.6097446850393702
21
-3.292779212598425
0
LINE
8
F.Cu
6
CONTINUOUS
10
6.6097446850393702
20
-3.292779212598425
11
6.6141105511811018
21
-3.2971450787401575
0
LINE
8
F.Cu
6
CONTINUOUS
10
6.6141105511811018
20
-3.2971450787401575
11
6.6175408267716538
21
-3.3022788582677163
0
LINE
8
F.Cu
6
CONTINUOUS
10
6.6175408267716538
20
-3.3022788582677163
11
6.6199036220472438
21
-3.307983149606299
0
LINE
8
F.Cu
6
CONTINUOUS
10
6.6199036220472438
20
-3.307983149606299
11
6.6211081889763781
21
-3.3140388188976377
0
LINE
8
F.Cu
6
CONTINUOUS
10
6.6211081889763781
20
-3.3140388188976377
11
6.6211081889763781
21
-3.3202131496062992
0
LINE
8
F.Cu
6
CONTINUOUS
10
6.6211081889763781
20
-3.3202131496062992
11
6.6199036220472438
21
-3.3262688188976379
0
LINE
8
F.Cu
6
CONTINUOUS
10
6.6199036220472438
20
-3.3262688188976379
11
6.6175408267716538
21
-3.3319731102362202
0
LINE
8
F.Cu
6
CONTINUOUS
10
6.6175408267716538
20
-3.3319731102362202
11
6.6141105511811018
21
-3.3371068897637794
0
LINE
8
F.Cu
6
CONTINUOUS
10
6.6141105511811018
20
-3.3371068897637794
11
6.6097446850393702
21
-3.3414727559055115
0
LINE
8
F.Cu
6
CONTINUOUS
10
6.6097446850393702
20
-3.3414727559055115
11
6.6046109055118105
21
-3.3449030314960631
0
LINE
8
F.Cu
6
CONTINUOUS
10
6.6046109055118105
20
-3.3449030314960631
11
6.5989066141732282
21
-3.3472658267716535
0
LINE
8
F.Cu
6
CONTINUOUS
10
6.5989066141732282
20
-3.3472658267716535
11
6.5928509448818895
21
-3.3484703937007874
0
LINE
8
F.Cu
6
CONTINUOUS
10
6.5928509448818895
20
-3.3484703937007874
11
6.5866766141732285
21
-3.3484703937007874
0
LINE
8
F.Cu
6
CONTINUOUS
10
6.5866766141732285
20
-3.3484703937007874
11
6.5806209448818898
21
-3.3472658267716535
0
LINE
8
F.Cu
6
CONTINUOUS
10
6.5806209448818898
20
-3.3472658267716535
11
6.5749166535433066
21
-3.3449030314960631
0
LINE
8
F.Cu
6
CONTINUOUS
10
6.5749166535433066
20
-3.3449030314960631
11
6.5697828740157478
21
-3.3414727559055115
0
LINE
8
F.Cu
6
CONTINUOUS
10
6.5697828740157478
20
-3.3414727559055115
11
6.5654170078740153
21
-3.3371068897637794
0
LINE
8
F.Cu
6
CONTINUOUS
10
6.5654170078740153
20
-3.3371068897637794
11
6.5619867322834642
21
-3.3319731102362202
0
LINE
8
F.Cu
6
CONTINUOUS
10
6.5619867322834642
20
-3.3319731102362202
11
6.5596239370078742
21
-3.3262688188976379
0
LINE
8
F.Cu
6
CONTINUOUS
10
6.5596239370078742
20
-3.3262688188976379
11
6.5584193700787399
21
-3.3202131496062992
0
LINE
8
F.Cu
6
CONTINUOUS
10
6.5584193700787399
20
-3.3202131496062992
11
6.5584193700787399
21
-3.3140388188976377
0
LINE
8
F.Cu
6
CONTINUOUS
10
6.5584193700787399
20
-3.3140388188976377
11
6.5596239370078742
21
-3.307983149606299
0
LINE
8
F.Cu
6
CONTINUOUS
10
6.5596239370078742
20
-3.307983149606299
11
6.5619867322834642
21
-3.3022788582677163
0
LINE
8
F.Cu
6
CONTINUOUS
10
6.5619867322834642
20
-3.3022788582677163
11
6.5654170078740153
21
-3.2971450787401575
0
LINE
8
F.Cu
6
CONTINUOUS
10
6.5654170078740153
20
-3.2971450787401575
11
6.5697828740157478
21
-3.292779212598425
0
LINE
8
F.Cu
6
CONTINUOUS
10
6.5697828740157478
20
-3.292779212598425
11
6.5749166535433066
21
-3.2893489370078739
0
LINE
8
F.Cu
6
CONTINUOUS
10
6.5749166535433066
20
-3.2893489370078739
11
6.5806209448818898
21
-3.2869861417322834
0
LINE
8
F.Cu
6
CONTINUOUS
10
6.5806209448818898
20
-3.2869861417322834
11
6.5866766141732285
21
-3.2857815748031496
0
LINE
8
F.Cu
6
CONTINUOUS
10
6.5866766141732285
20
-3.2857815748031496
11
6.5928509448818895
21
-3.2857815748031496
0
LINE
8
F.Cu
6
CONTINUOUS
10
6.5928509448818895
20
-3.2857815748031496
11
6.5989066141732282
21
-3.2869861417322834
0
LINE
8
F.Cu
6
CONTINUOUS
10
6.898906614173228
20
-3.2869861417322834
11
6.9046109055118112
21
-3.2893489370078739
0
LINE
8
F.Cu
6
CONTINUOUS
10
6.9046109055118112
20
-3.2893489370078739
11
6.90974468503937
21
-3.292779212598425
0
LINE
8
F.Cu
6
CONTINUOUS
10
6.90974468503937
20
-3.292779212598425
11
6.9141105511811025
21
-3.2971450787401575
0
LINE
8
F.Cu
6
CONTINUOUS
10
6.9141105511811025
20
-3.2971450787401575
11
6.9175408267716536
21
-3.3022788582677163
0
LINE
8
F.Cu
6
CONTINUOUS
10
6.9175408267716536
20
-3.3022788582677163
11
6.9199036220472436
21
-3.307983149606299
0
LINE
8
F.Cu
6
CONTINUOUS
10
6.9199036220472436
20
-3.307983149606299
11
6.9211081889763779
21
-3.3140388188976377
0
LINE
8
F.Cu
6
CONTINUOUS
10
6.9211081889763779
20
-3.3140388188976377
11
6.9211081889763779
21
-3.3202131496062992
0
LINE
8
F.Cu
6
CONTINUOUS
10
6.9211081889763779
20
-3.3202131496062992
11
6.9199036220472436
21
-3.3262688188976379
0
LINE
8
F.Cu
6
CONTINUOUS
10
6.9199036220472436
20
-3.3262688188976379
11
6.9175408267716536
21
-3.3319731102362202
0
LINE
8
F.Cu
6
CONTINUOUS
10
6.9175408267716536
20
-3.3319731102362202
11
6.9141105511811025
21
-3.3371068897637794
0
LINE
8
F.Cu
6
CONTINUOUS
10
6.9141105511811025
20
-3.3371068897637794
11
6.90974468503937
21
-3.3414727559055115
0
LINE
8
F.Cu
6
CONTINUOUS
10
6.90974468503937
20
-3.3414727559055115
11
6.9046109055118112
21
-3.3449030314960631
0
LINE
8
F.Cu
6
CONTINUOUS
10
6.9046109055118112
20
-3.3449030314960631
11
6.898906614173228
21
-3.3472658267716535
0
LINE
8
F.Cu
6
CONTINUOUS
10
6.898906614173228
20
-3.3472658267716535
11
6.8928509448818893
21
-3.3484703937007874
0
LINE
8
F.Cu
6
CONTINUOUS
10
6.8928509448818893
20
-3.3484703937007874
11
6.8866766141732283
21
-3.3484703937007874
0
LINE
8
F.Cu
6
CONTINUOUS
10
6.8866766141732283
20
-3.3484703937007874
11
6.8806209448818896
21
-3.3472658267716535
0
LINE
8
F.Cu
6
CONTINUOUS
10
6.8806209448818896
20
-3.3472658267716535
11
6.8749166535433073
21
-3.3449030314960631
0
LINE
8
F.Cu
6
CONTINUOUS
10
6.8749166535433073
20
-3.3449030314960631
11
6.8697828740157476
21
-3.3414727559055115
0
LINE
8
F.Cu
6
CONTINUOUS
10
6.8697828740157476
20
-3.3414727559055115
11
6.865417007874016
21
-3.3371068897637794
0
LINE
8
F.Cu
6
CONTINUOUS
10
6.865417007874016
20
-3.3371068897637794
11
6.861986732283464
21
-3.3319731102362202
0
LINE
8
F.Cu
6
CONTINUOUS
10
6.861986732283464
20
-3.3319731102362202
11
6.859623937007874
21
-3.3262688188976379
0
LINE
8
F.Cu
6
CONTINUOUS
10
6.859623937007874
20
-3.3262688188976379
11
6.8584193700787397
21
-3.3202131496062992
0
LINE
8
F.Cu
6
CONTINUOUS
10
6.8584193700787397
20
-3.3202131496062992
11
6.8584193700787397
21
-3.3140388188976377
0
LINE
8
F.Cu
6
CONTINUOUS
10
6.8584193700787397
20
-3.3140388188976377
11
6.859623937007874
21
-3.307983149606299
0
LINE
8
F.Cu
6
CONTINUOUS
10
6.859623937007874
20
-3.307983149606299
11
6.861986732283464
21
-3.3022788582677163
0
LINE
8
F.Cu
6
CONTINUOUS
10
6.861986732283464
20
-3.3022788582677163
11
6.865417007874016
21
-3.2971450787401575
0
LINE
8
F.Cu
6
CONTINUOUS
10
6.865417007874016
20
-3.2971450787401575
11
6.8697828740157476
21
-3.292779212598425
0
LINE
8
F.Cu
6
CONTINUOUS
10
6.8697828740157476
20
-3.292779212598425
11
6.8749166535433073
21
-3.2893489370078739
0
LINE
8
F.Cu
6
CONTINUOUS
10
6.8749166535433073
20
-3.2893489370078739
11
6.8806209448818896
21
-3.2869861417322834
0
LINE
8
F.Cu
6
CONTINUOUS
10
6.8806209448818896
20
-3.2869861417322834
11
6.8866766141732283
21
-3.2857815748031496
0
LINE
8
F.Cu
6
CONTINUOUS
10
6.8866766141732283
20
-3.2857815748031496
11
6.8928509448818893
21
-3.2857815748031496
0
LINE
8
F.Cu
6
CONTINUOUS
10
6.8928509448818893
20
-3.2857815748031496
11
6.898906614173228
21
-3.2869861417322834
0
LINE
8
F.Cu
6
CONTINUOUS
10
4.8367018897637797
20
-3.1869861417322833
11
4.842406181102362
21
-3.1893489370078738
0
LINE
8
F.Cu
6
CONTINUOUS
10
4.842406181102362
20
-3.1893489370078738
11
4.8475399606299208
21
-3.1927792125984253
0
LINE
8
F.Cu
6
CONTINUOUS
10
4.8475399606299208
20
-3.1927792125984253
11
4.8519058267716533
21
-3.1971450787401574
0
LINE
8
F.Cu
6
CONTINUOUS
10
4.8519058267716533
20
-3.1971450787401574
11
4.8553361023622044
21
-3.2022788582677166
0
LINE
8
F.Cu
6
CONTINUOUS
10
4.8553361023622044
20
-3.2022788582677166
11
4.8576988976377953
21
-3.2079831496062989
0
LINE
8
F.Cu
6
CONTINUOUS
10
4.8576988976377953
20
-3.2079831496062989
11
4.8589034645669287
21
-3.2140388188976377
0
LINE
8
F.Cu
6
CONTINUOUS
10
4.8589034645669287
20
-3.2140388188976377
11
4.8589034645669287
21
-3.2202131496062991
0
LINE
8
F.Cu
6
CONTINUOUS
10
4.8589034645669287
20
-3.2202131496062991
11
4.8576988976377953
21
-3.2262688188976378
0
LINE
8
F.Cu
6
CONTINUOUS
10
4.8576988976377953
20
-3.2262688188976378
11
4.8553361023622044
21
-3.2319731102362206
0
LINE
8
F.Cu
6
CONTINUOUS
10
4.8553361023622044
20
-3.2319731102362206
11
4.8519058267716533
21
-3.2371068897637794
0
LINE
8
F.Cu
6
CONTINUOUS
10
4.8519058267716533
20
-3.2371068897637794
11
4.8475399606299208
21
-3.2414727559055119
0
LINE
8
F.Cu
6
CONTINUOUS
10
4.8475399606299208
20
-3.2414727559055119
11
4.842406181102362
21
-3.244903031496063
0
LINE
8
F.Cu
6
CONTINUOUS
10
4.842406181102362
20
-3.244903031496063
11
4.8367018897637797
21
-3.2472658267716534
0
LINE
8
F.Cu
6
CONTINUOUS
10
4.8367018897637797
20
-3.2472658267716534
11
4.830646220472441
21
-3.2484703937007873
0
LINE
8
F.Cu
6
CONTINUOUS
10
4.830646220472441
20
-3.2484703937007873
11
4.8244718897637791
21
-3.2484703937007873
0
LINE
8
F.Cu
6
CONTINUOUS
10
4.8244718897637791
20
-3.2484703937007873
11
4.8184162204724412
21
-3.2472658267716534
0
LINE
8
F.Cu
6
CONTINUOUS
10
4.8184162204724412
20
-3.2472658267716534
11
4.812711929133858
21
-3.244903031496063
0
LINE
8
F.Cu
6
CONTINUOUS
10
4.812711929133858
20
-3.244903031496063
11
4.8075781496062993
21
-3.2414727559055119
0
LINE
8
F.Cu
6
CONTINUOUS
10
4.8075781496062993
20
-3.2414727559055119
11
4.8032122834645667
21
-3.2371068897637794
0
LINE
8
F.Cu
6
CONTINUOUS
10
4.8032122834645667
20
-3.2371068897637794
11
4.7997820078740157
21
-3.2319731102362206
0
LINE
8
F.Cu
6
CONTINUOUS
10
4.7997820078740157
20
-3.2319731102362206
11
4.7974192125984247
21
-3.2262688188976378
0
LINE
8
F.Cu
6
CONTINUOUS
10
4.7974192125984247
20
-3.2262688188976378
11
4.7962146456692913
21
-3.2202131496062991
0
LINE
8
F.Cu
6
CONTINUOUS
10
4.7962146456692913
20
-3.2202131496062991
11
4.7962146456692913
21
-3.2140388188976377
0
LINE
8
F.Cu
6
CONTINUOUS
10
4.7962146456692913
20
-3.2140388188976377
11
4.7974192125984247
21
-3.2079831496062989
0
LINE
8
F.Cu
6
CONTINUOUS
10
4.7974192125984247
20
-3.2079831496062989
11
4.7997820078740157
21
-3.2022788582677166
0
LINE
8
F.Cu
6
CONTINUOUS
10
4.7997820078740157
20
-3.2022788582677166
11
4.8032122834645667
21
-3.1971450787401574
0
LINE
8
F.Cu
6
CONTINUOUS
10
4.8032122834645667
20
-3.1971450787401574
11
4.8075781496062993
21
-3.1927792125984253
0
LINE
8
F.Cu
6
CONTINUOUS
10
4.8075781496062993
20
-3.1927792125984253
11
4.812711929133858
21
-3.1893489370078738
0
LINE
8
F.Cu
6
CONTINUOUS
10
4.812711929133858
20
-3.1893489370078738
11
4.8184162204724412
21
-3.1869861417322833
0
LINE
8
F.Cu
6
CONTINUOUS
10
4.8184162204724412
20
-3.1869861417322833
11
4.8244718897637791
21
-3.1857815748031495
0
LINE
8
F.Cu
6
CONTINUOUS
10
4.8244718897637791
20
-3.1857815748031495
11
4.830646220472441
21
-3.1857815748031495
0
LINE
8
F.Cu
6
CONTINUOUS
10
4.830646220472441
20
-3.1857815748031495
11
4.8367018897637797
21
-3.1869861417322833
0
LINE
8
F.Cu
6
CONTINUOUS
10
5.7959538582677164
20
-3.1869861417322833
11
5.8016581496062987
21
-3.1893489370078738
0
LINE
8
F.Cu
6
CONTINUOUS
10
5.8016581496062987
20
-3.1893489370078738
11
5.8067919291338583
21
-3.1927792125984253
0
LINE
8
F.Cu
6
CONTINUOUS
10
5.8067919291338583
20
-3.1927792125984253
11
5.8111577952755908
21
-3.1971450787401574
0
LINE
8
F.Cu
6
CONTINUOUS
10
5.8111577952755908
20
-3.1971450787401574
11
5.8145880708661419
21
-3.2022788582677166
0
LINE
8
F.Cu
6
CONTINUOUS
10
5.8145880708661419
20
-3.2022788582677166
11
5.816950866141732
21
-3.2079831496062989
0
LINE
8
F.Cu
6
CONTINUOUS
10
5.816950866141732
20
-3.2079831496062989
11
5.8181554330708662
21
-3.2140388188976377
0
LINE
8
F.Cu
6
CONTINUOUS
10
5.8181554330708662
20
-3.2140388188976377
11
5.8181554330708662
21
-3.2202131496062991
0
LINE
8
F.Cu
6
CONTINUOUS
10
5.8181554330708662
20
-3.2202131496062991
11
5.816950866141732
21
-3.2262688188976378
0
LINE
8
F.Cu
6
CONTINUOUS
10
5.816950866141732
20
-3.2262688188976378
11
5.8145880708661419
21
-3.2319731102362206
0
LINE
8
F.Cu
6
CONTINUOUS
10
5.8145880708661419
20
-3.2319731102362206
11
5.8111577952755908
21
-3.2371068897637794
0
LINE
8
F.Cu
6
CONTINUOUS
10
5.8111577952755908
20
-3.2371068897637794
11
5.8067919291338583
21
-3.2414727559055119
0
LINE
8
F.Cu
6
CONTINUOUS
10
5.8067919291338583
20
-3.2414727559055119
11
5.8016581496062987
21
-3.244903031496063
0
LINE
8
F.Cu
6
CONTINUOUS
10
5.8016581496062987
20
-3.244903031496063
11
5.7959538582677164
21
-3.2472658267716534
0
LINE
8
F.Cu
6
CONTINUOUS
10
5.7959538582677164
20
-3.2472658267716534
11
5.7898981889763776
21
-3.2484703937007873
0
LINE
8
F.Cu
6
CONTINUOUS
10
5.7898981889763776
20
-3.2484703937007873
11
5.7837238582677166
21
-3.2484703937007873
0
LINE
8
F.Cu
6
CONTINUOUS
10
5.7837238582677166
20
-3.2484703937007873
11
5.7776681889763779
21
-3.2472658267716534
0
LINE
8
F.Cu
6
CONTINUOUS
10
5.7776681889763779
20
-3.2472658267716534
11
5.7719638976377947
21
-3.244903031496063
0
LINE
8
F.Cu
6
CONTINUOUS
10
5.7719638976377947
20
-3.244903031496063
11
5.7668301181102359
21
-3.2414727559055119
0
LINE
8
F.Cu
6
CONTINUOUS
10
5.7668301181102359
20
-3.2414727559055119
11
5.7624642519685034
21
-3.2371068897637794
0
LINE
8
F.Cu
6
CONTINUOUS
10
5.7624642519685034
20
-3.2371068897637794
11
5.7590339763779523
21
-3.2319731102362206
0
LINE
8
F.Cu
6
CONTINUOUS
10
5.7590339763779523
20
-3.2319731102362206
11
5.7566711811023623
21
-3.2262688188976378
0
LINE
8
F.Cu
6
CONTINUOUS
10
5.7566711811023623
20
-3.2262688188976378
11
5.755466614173228
21
-3.2202131496062991
0
LINE
8
F.Cu
6
CONTINUOUS
10
5.755466614173228
20
-3.2202131496062991
11
5.755466614173228
21
-3.2140388188976377
0
LINE
8
F.Cu
6
CONTINUOUS
10
5.755466614173228
20
-3.2140388188976377
11
5.7566711811023623
21
-3.2079831496062989
0
LINE
8
F.Cu
6
CONTINUOUS
10
5.7566711811023623
20
-3.2079831496062989
11
5.7590339763779523
21
-3.2022788582677166
0
LINE
8
F.Cu
6
CONTINUOUS
10
5.7590339763779523
20
-3.2022788582677166
11
5.7624642519685034
21
-3.1971450787401574
0
LINE
8
F.Cu
6
CONTINUOUS
10
5.7624642519685034
20
-3.1971450787401574
11
5.7668301181102359
21
-3.1927792125984253
0
LINE
8
F.Cu
6
CONTINUOUS
10
5.7668301181102359
20
-3.1927792125984253
11
5.7719638976377947
21
-3.1893489370078738
0
LINE
8
F.Cu
6
CONTINUOUS
10
5.7719638976377947
20
-3.1893489370078738
11
5.7776681889763779
21
-3.1869861417322833
0
LINE
8
F.Cu
6
CONTINUOUS
10
5.7776681889763779
20
-3.1869861417322833
11
5.7837238582677166
21
-3.1857815748031495
0
LINE
8
F.Cu
6
CONTINUOUS
10
5.7837238582677166
20
-3.1857815748031495
11
5.7898981889763776
21
-3.1857815748031495
0
LINE
8
F.Cu
6
CONTINUOUS
10
5.7898981889763776
20
-3.1857815748031495
11
5.7959538582677164
21
-3.1869861417322833
0
LINE
8
F.Cu
6
CONTINUOUS
10
6.5989066141732282
20
-3.1869861417322833
11
6.6046109055118105
21
-3.1893489370078738
0
LINE
8
F.Cu
6
CONTINUOUS
10
6.6046109055118105
20
-3.1893489370078738
11
6.6097446850393702
21
-3.1927792125984253
0
LINE
8
F.Cu
6
CONTINUOUS
10
6.6097446850393702
20
-3.1927792125984253
11
6.6141105511811018
21
-3.1971450787401574
0
LINE
8
F.Cu
6
CONTINUOUS
10
6.6141105511811018
20
-3.1971450787401574
11
6.6175408267716538
21
-3.2022788582677166
0
LINE
8
F.Cu
6
CONTINUOUS
10
6.6175408267716538
20
-3.2022788582677166
11
6.6199036220472438
21
-3.2079831496062989
0
LINE
8
F.Cu
6
CONTINUOUS
10
6.6199036220472438
20
-3.2079831496062989
11
6.6211081889763781
21
-3.2140388188976377
0
LINE
8
F.Cu
6
CONTINUOUS
10
6.6211081889763781
20
-3.2140388188976377
11
6.6211081889763781
21
-3.2202131496062991
0
LINE
8
F.Cu
6
CONTINUOUS
10
6.6211081889763781
20
-3.2202131496062991
11
6.6199036220472438
21
-3.2262688188976378
0
LINE
8
F.Cu
6
CONTINUOUS
10
6.6199036220472438
20
-3.2262688188976378
11
6.6175408267716538
21
-3.2319731102362206
0
LINE
8
F.Cu
6
CONTINUOUS
10
6.6175408267716538
20
-3.2319731102362206
11
6.6141105511811018
21
-3.2371068897637794
0
LINE
8
F.Cu
6
CONTINUOUS
10
6.6141105511811018
20
-3.2371068897637794
11
6.6097446850393702
21
-3.2414727559055119
0
LINE
8
F.Cu
6
CONTINUOUS
10
6.6097446850393702
20
-3.2414727559055119
11
6.6046109055118105
21
-3.244903031496063
0
LINE
8
F.Cu
6
CONTINUOUS
10
6.6046109055118105
20
-3.244903031496063
11
6.5989066141732282
21
-3.2472658267716534
0
LINE
8
F.Cu
6
CONTINUOUS
10
6.5989066141732282
20
-3.2472658267716534
11
6.5928509448818895
21
-3.2484703937007873
0
LINE
8
F.Cu
6
CONTINUOUS
10
6.5928509448818895
20
-3.2484703937007873
11
6.5866766141732285
21
-3.2484703937007873
0
LINE
8
F.Cu
6
CONTINUOUS
10
6.5866766141732285
20
-3.2484703937007873
11
6.5806209448818898
21
-3.2472658267716534
0
LINE
8
F.Cu
6
CONTINUOUS
10
6.5806209448818898
20
-3.2472658267716534
11
6.5749166535433066
21
-3.244903031496063
0
LINE
8
F.Cu
6
CONTINUOUS
10
6.5749166535433066
20
-3.244903031496063
11
6.5697828740157478
21
-3.2414727559055119
0
LINE
8
F.Cu
6
CONTINUOUS
10
6.5697828740157478
20
-3.2414727559055119
11
6.5654170078740153
21
-3.2371068897637794
0
LINE
8
F.Cu
6
CONTINUOUS
10
6.5654170078740153
20
-3.2371068897637794
11
6.5619867322834642
21
-3.2319731102362206
0
LINE
8
F.Cu
6
CONTINUOUS
10
6.5619867322834642
20
-3.2319731102362206
11
6.5596239370078742
21
-3.2262688188976378
0
LINE
8
F.Cu
6
CONTINUOUS
10
6.5596239370078742
20
-3.2262688188976378
11
6.5584193700787399
21
-3.2202131496062991
0
LINE
8
F.Cu
6
CONTINUOUS
10
6.5584193700787399
20
-3.2202131496062991
11
6.5584193700787399
21
-3.2140388188976377
0
LINE
8
F.Cu
6
CONTINUOUS
10
6.5584193700787399
20
-3.2140388188976377
11
6.5596239370078742
21
-3.2079831496062989
0
LINE
8
F.Cu
6
CONTINUOUS
10
6.5596239370078742
20
-3.2079831496062989
11
6.5619867322834642
21
-3.2022788582677166
0
LINE
8
F.Cu
6
CONTINUOUS
10
6.5619867322834642
20
-3.2022788582677166
11
6.5654170078740153
21
-3.1971450787401574
0
LINE
8
F.Cu
6
CONTINUOUS
10
6.5654170078740153
20
-3.1971450787401574
11
6.5697828740157478
21
-3.1927792125984253
0
LINE
8
F.Cu
6
CONTINUOUS
10
6.5697828740157478
20
-3.1927792125984253
11
6.5749166535433066
21
-3.1893489370078738
0
LINE
8
F.Cu
6
CONTINUOUS
10
6.5749166535433066
20
-3.1893489370078738
11
6.5806209448818898
21
-3.1869861417322833
0
LINE
8
F.Cu
6
CONTINUOUS
10
6.5806209448818898
20
-3.1869861417322833
11
6.5866766141732285
21
-3.1857815748031495
0
LINE
8
F.Cu
6
CONTINUOUS
10
6.5866766141732285
20
-3.1857815748031495
11
6.5928509448818895
21
-3.1857815748031495
0
LINE
8
F.Cu
6
CONTINUOUS
10
6.5928509448818895
20
-3.1857815748031495
11
6.5989066141732282
21
-3.1869861417322833
0
LINE
8
F.Cu
6
CONTINUOUS
10
6.898906614173228
20
-3.1869861417322833
11
6.9046109055118112
21
-3.1893489370078738
0
LINE
8
F.Cu
6
CONTINUOUS
10
6.9046109055118112
20
-3.1893489370078738
11
6.90974468503937
21
-3.1927792125984253
0
LINE
8
F.Cu
6
CONTINUOUS
10
6.90974468503937
20
-3.1927792125984253
11
6.9141105511811025
21
-3.1971450787401574
0
LINE
8
F.Cu
6
CONTINUOUS
10
6.9141105511811025
20
-3.1971450787401574
11
6.9175408267716536
21
-3.2022788582677166
0
LINE
8
F.Cu
6
CONTINUOUS
10
6.9175408267716536
20
-3.2022788582677166
11
6.9199036220472436
21
-3.2079831496062989
0
LINE
8
F.Cu
6
CONTINUOUS
10
6.9199036220472436
20
-3.2079831496062989
11
6.9211081889763779
21
-3.2140388188976377
0
LINE
8
F.Cu
6
CONTINUOUS
10
6.9211081889763779
20
-3.2140388188976377
11
6.9211081889763779
21
-3.2202131496062991
0
LINE
8
F.Cu
6
CONTINUOUS
10
6.9211081889763779
20
-3.2202131496062991
11
6.9199036220472436
21
-3.2262688188976378
0
LINE
8
F.Cu
6
CONTINUOUS
10
6.9199036220472436
20
-3.2262688188976378
11
6.9175408267716536
21
-3.2319731102362206
0
LINE
8
F.Cu
6
CONTINUOUS
10
6.9175408267716536
20
-3.2319731102362206
11
6.9141105511811025
21
-3.2371068897637794
0
LINE
8
F.Cu
6
CONTINUOUS
10
6.9141105511811025
20
-3.2371068897637794
11
6.90974468503937
21
-3.2414727559055119
0
LINE
8
F.Cu
6
CONTINUOUS
10
6.90974468503937
20
-3.2414727559055119
11
6.9046109055118112
21
-3.244903031496063
0
LINE
8
F.Cu
6
CONTINUOUS
10
6.9046109055118112
20
-3.244903031496063
11
6.898906614173228
21
-3.2472658267716534
0
LINE
8
F.Cu
6
CONTINUOUS
10
6.898906614173228
20
-3.2472658267716534
11
6.8928509448818893
21
-3.2484703937007873
0
LINE
8
F.Cu
6
CONTINUOUS
10
6.8928509448818893
20
-3.2484703937007873
11
6.8866766141732283
21
-3.2484703937007873
0
LINE
8
F.Cu
6
CONTINUOUS
10
6.8866766141732283
20
-3.2484703937007873
11
6.8806209448818896
21
-3.2472658267716534
0
LINE
8
F.Cu
6
CONTINUOUS
10
6.8806209448818896
20
-3.2472658267716534
11
6.8749166535433073
21
-3.244903031496063
0
LINE
8
F.Cu
6
CONTINUOUS
10
6.8749166535433073
20
-3.244903031496063
11
6.8697828740157476
21
-3.2414727559055119
0
LINE
8
F.Cu
6
CONTINUOUS
10
6.8697828740157476
20
-3.2414727559055119
11
6.865417007874016
21
-3.2371068897637794
0
LINE
8
F.Cu
6
CONTINUOUS
10
6.865417007874016
20
-3.2371068897637794
11
6.861986732283464
21
-3.2319731102362206
0
LINE
8
F.Cu
6
CONTINUOUS
10
6.861986732283464
20
-3.2319731102362206
11
6.859623937007874
21
-3.2262688188976378
0
LINE
8
F.Cu
6
CONTINUOUS
10
6.859623937007874
20
-3.2262688188976378
11
6.8584193700787397
21
-3.2202131496062991
0
LINE
8
F.Cu
6
CONTINUOUS
10
6.8584193700787397
20
-3.2202131496062991
11
6.8584193700787397
21
-3.2140388188976377
0
LINE
8
F.Cu
6
CONTINUOUS
10
6.8584193700787397
20
-3.2140388188976377
11
6.859623937007874
21
-3.2079831496062989
0
LINE
8
F.Cu
6
CONTINUOUS
10
6.859623937007874
20
-3.2079831496062989
11
6.861986732283464
21
-3.2022788582677166
0
LINE
8
F.Cu
6
CONTINUOUS
10
6.861986732283464
20
-3.2022788582677166
11
6.865417007874016
21
-3.1971450787401574
0
LINE
8
F.Cu
6
CONTINUOUS
10
6.865417007874016
20
-3.1971450787401574
11
6.8697828740157476
21
-3.1927792125984253
0
LINE
8
F.Cu
6
CONTINUOUS
10
6.8697828740157476
20
-3.1927792125984253
11
6.8749166535433073
21
-3.1893489370078738
0
LINE
8
F.Cu
6
CONTINUOUS
10
6.8749166535433073
20
-3.1893489370078738
11
6.8806209448818896
21
-3.1869861417322833
0
LINE
8
F.Cu
6
CONTINUOUS
10
6.8806209448818896
20
-3.1869861417322833
11
6.8866766141732283
21
-3.1857815748031495
0
LINE
8
F.Cu
6
CONTINUOUS
10
6.8866766141732283
20
-3.1857815748031495
11
6.8928509448818893
21
-3.1857815748031495
0
LINE
8
F.Cu
6
CONTINUOUS
10
6.8928509448818893
20
-3.1857815748031495
11
6.898906614173228
21
-3.1869861417322833
0
LINE
8
F.Cu
6
CONTINUOUS
10
4.8367018897637797
20
-3.0869861417322833
11
4.842406181102362
21
-3.0893489370078742
0
LINE
8
F.Cu
6
CONTINUOUS
10
4.842406181102362
20
-3.0893489370078742
11
4.8475399606299208
21
-3.0927792125984253
0
LINE
8
F.Cu
6
CONTINUOUS
10
4.8475399606299208
20
-3.0927792125984253
11
4.8519058267716533
21
-3.0971450787401573
0
LINE
8
F.Cu
6
CONTINUOUS
10
4.8519058267716533
20
-3.0971450787401573
11
4.8553361023622044
21
-3.1022788582677165
0
LINE
8
F.Cu
6
CONTINUOUS
10
4.8553361023622044
20
-3.1022788582677165
11
4.8576988976377953
21
-3.1079831496062993
0
LINE
8
F.Cu
6
CONTINUOUS
10
4.8576988976377953
20
-3.1079831496062993
11
4.8589034645669287
21
-3.1140388188976376
0
LINE
8
F.Cu
6
CONTINUOUS
10
4.8589034645669287
20
-3.1140388188976376
11
4.8589034645669287
21
-3.120213149606299
0
LINE
8
F.Cu
6
CONTINUOUS
10
4.8589034645669287
20
-3.120213149606299
11
4.8576988976377953
21
-3.1262688188976377
0
LINE
8
F.Cu
6
CONTINUOUS
10
4.8576988976377953
20
-3.1262688188976377
11
4.8553361023622044
21
-3.1319731102362205
0
LINE
8
F.Cu
6
CONTINUOUS
10
4.8553361023622044
20
-3.1319731102362205
11
4.8519058267716533
21
-3.1371068897637793
0
LINE
8
F.Cu
6
CONTINUOUS
10
4.8519058267716533
20
-3.1371068897637793
11
4.8475399606299208
21
-3.1414727559055118
0
LINE
8
F.Cu
6
CONTINUOUS
10
4.8475399606299208
20
-3.1414727559055118
11
4.842406181102362
21
-3.1449030314960629
0
LINE
8
F.Cu
6
CONTINUOUS
10
4.842406181102362
20
-3.1449030314960629
11
4.8367018897637797
21
-3.1472658267716533
0
LINE
8
F.Cu
6
CONTINUOUS
10
4.8367018897637797
20
-3.1472658267716533
11
4.830646220472441
21
-3.1484703937007872
0
LINE
8
F.Cu
6
CONTINUOUS
10
4.830646220472441
20
-3.1484703937007872
11
4.8244718897637791
21
-3.1484703937007872
0
LINE
8
F.Cu
6
CONTINUOUS
10
4.8244718897637791
20
-3.1484703937007872
11
4.8184162204724412
21
-3.1472658267716533
0
LINE
8
F.Cu
6
CONTINUOUS
10
4.8184162204724412
20
-3.1472658267716533
11
4.812711929133858
21
-3.1449030314960629
0
LINE
8
F.Cu
6
CONTINUOUS
10
4.812711929133858
20
-3.1449030314960629
11
4.8075781496062993
21
-3.1414727559055118
0
LINE
8
F.Cu
6
CONTINUOUS
10
4.8075781496062993
20
-3.1414727559055118
11
4.8032122834645667
21
-3.1371068897637793
0
LINE
8
F.Cu
6
CONTINUOUS
10
4.8032122834645667
20
-3.1371068897637793
11
4.7997820078740157
21
-3.1319731102362205
0
LINE
8
F.Cu
6
CONTINUOUS
10
4.7997820078740157
20
-3.1319731102362205
11
4.7974192125984247
21
-3.1262688188976377
0
LINE
8
F.Cu
6
CONTINUOUS
10
4.7974192125984247
20
-3.1262688188976377
11
4.7962146456692913
21
-3.120213149606299
0
LINE
8
F.Cu
6
CONTINUOUS
10
4.7962146456692913
20
-3.120213149606299
11
4.7962146456692913
21
-3.1140388188976376
0
LINE
8
F.Cu
6
CONTINUOUS
10
4.7962146456692913
20
-3.1140388188976376
11
4.7974192125984247
21
-3.1079831496062993
0
LINE
8
F.Cu
6
CONTINUOUS
10
4.7974192125984247
20
-3.1079831496062993
11
4.7997820078740157
21
-3.1022788582677165
0
LINE
8
F.Cu
6
CONTINUOUS
10
4.7997820078740157
20
-3.1022788582677165
11
4.8032122834645667
21
-3.0971450787401573
0
LINE
8
F.Cu
6
CONTINUOUS
10
4.8032122834645667
20
-3.0971450787401573
11
4.8075781496062993
21
-3.0927792125984253
0
LINE
8
F.Cu
6
CONTINUOUS
10
4.8075781496062993
20
-3.0927792125984253
11
4.812711929133858
21
-3.0893489370078742
0
LINE
8
F.Cu
6
CONTINUOUS
10
4.812711929133858
20
-3.0893489370078742
11
4.8184162204724412
21
-3.0869861417322833
0
LINE
8
F.Cu
6
CONTINUOUS
10
4.8184162204724412
20
-3.0869861417322833
11
4.8244718897637791
21
-3.0857815748031494
0
LINE
8
F.Cu
6
CONTINUOUS
10
4.8244718897637791
20
-3.0857815748031494
11
4.830646220472441
21
-3.0857815748031494
0
LINE
8
F.Cu
6
CONTINUOUS
10
4.830646220472441
20
-3.0857815748031494
11
4.8367018897637797
21
-3.0869861417322833
0
LINE
8
F.Cu
6
CONTINUOUS
10
5.7959538582677164
20
-3.0869861417322833
11
5.8016581496062987
21
-3.0893489370078742
0
LINE
8
F.Cu
6
CONTINUOUS
10
5.8016581496062987
20
-3.0893489370078742
11
5.8067919291338583
21
-3.0927792125984253
0
LINE
8
F.Cu
6
CONTINUOUS
10
5.8067919291338583
20
-3.0927792125984253
11
5.8111577952755908
21
-3.0971450787401573
0
LINE
8
F.Cu
6
CONTINUOUS
10
5.8111577952755908
20
-3.0971450787401573
11
5.8145880708661419
21
-3.1022788582677165
0
LINE
8
F.Cu
6
CONTINUOUS
10
5.8145880708661419
20
-3.1022788582677165
11
5.816950866141732
21
-3.1079831496062993
0
LINE
8
F.Cu
6
CONTINUOUS
10
5.816950866141732
20
-3.1079831496062993
11
5.8181554330708662
21
-3.1140388188976376
0
LINE
8
F.Cu
6
CONTINUOUS
10
5.8181554330708662
20
-3.1140388188976376
11
5.8181554330708662
21
-3.120213149606299
0
LINE
8
F.Cu
6
CONTINUOUS
10
5.8181554330708662
20
-3.120213149606299
11
5.816950866141732
21
-3.1262688188976377
0
LINE
8
F.Cu
6
CONTINUOUS
10
5.816950866141732
20
-3.1262688188976377
11
5.8145880708661419
21
-3.1319731102362205
0
LINE
8
F.Cu
6
CONTINUOUS
10
5.8145880708661419
20
-3.1319731102362205
11
5.8111577952755908
21
-3.1371068897637793
0
LINE
8
F.Cu
6
CONTINUOUS
10
5.8111577952755908
20
-3.1371068897637793
11
5.8067919291338583
21
-3.1414727559055118
0
LINE
8
F.Cu
6
CONTINUOUS
10
5.8067919291338583
20
-3.1414727559055118
11
5.8016581496062987
21
-3.1449030314960629
0
LINE
8
F.Cu
6
CONTINUOUS
10
5.8016581496062987
20
-3.1449030314960629
11
5.7959538582677164
21
-3.1472658267716533
0
LINE
8
F.Cu
6
CONTINUOUS
10
5.7959538582677164
20
-3.1472658267716533
11
5.7898981889763776
21
-3.1484703937007872
0
LINE
8
F.Cu
6
CONTINUOUS
10
5.7898981889763776
20
-3.1484703937007872
11
5.7837238582677166
21
-3.1484703937007872
0
LINE
8
F.Cu
6
CONTINUOUS
10
5.7837238582677166
20
-3.1484703937007872
11
5.7776681889763779
21
-3.1472658267716533
0
LINE
8
F.Cu
6
CONTINUOUS
10
5.7776681889763779
20
-3.1472658267716533
11
5.7719638976377947
21
-3.1449030314960629
0
LINE
8
F.Cu
6
CONTINUOUS
10
5.7719638976377947
20
-3.1449030314960629
11
5.7668301181102359
21
-3.1414727559055118
0
LINE
8
F.Cu
6
CONTINUOUS
10
5.7668301181102359
20
-3.1414727559055118
11
5.7624642519685034
21
-3.1371068897637793
0
LINE
8
F.Cu
6
CONTINUOUS
10
5.7624642519685034
20
-3.1371068897637793
11
5.7590339763779523
21
-3.1319731102362205
0
LINE
8
F.Cu
6
CONTINUOUS
10
5.7590339763779523
20
-3.1319731102362205
11
5.7566711811023623
21
-3.1262688188976377
0
LINE
8
F.Cu
6
CONTINUOUS
10
5.7566711811023623
20
-3.1262688188976377
11
5.755466614173228
21
-3.120213149606299
0
LINE
8
F.Cu
6
CONTINUOUS
10
5.755466614173228
20
-3.120213149606299
11
5.755466614173228
21
-3.1140388188976376
0
LINE
8
F.Cu
6
CONTINUOUS
10
5.755466614173228
20
-3.1140388188976376
11
5.7566711811023623
21
-3.1079831496062993
0
LINE
8
F.Cu
6
CONTINUOUS
10
5.7566711811023623
20
-3.1079831496062993
11
5.7590339763779523
21
-3.1022788582677165
0
LINE
8
F.Cu
6
CONTINUOUS
10
5.7590339763779523
20
-3.1022788582677165
11
5.7624642519685034
21
-3.0971450787401573
0
LINE
8
F.Cu
6
CONTINUOUS
10
5.7624642519685034
20
-3.0971450787401573
11
5.7668301181102359
21
-3.0927792125984253
0
LINE
8
F.Cu
6
CONTINUOUS
10
5.7668301181102359
20
-3.0927792125984253
11
5.7719638976377947
21
-3.0893489370078742
0
LINE
8
F.Cu
6
CONTINUOUS
10
5.7719638976377947
20
-3.0893489370078742
11
5.7776681889763779
21
-3.0869861417322833
0
LINE
8
F.Cu
6
CONTINUOUS
10
5.7776681889763779
20
-3.0869861417322833
11
5.7837238582677166
21
-3.0857815748031494
0
LINE
8
F.Cu
6
CONTINUOUS
10
5.7837238582677166
20
-3.0857815748031494
11
5.7898981889763776
21
-3.0857815748031494
0
LINE
8
F.Cu
6
CONTINUOUS
10
5.7898981889763776
20
-3.0857815748031494
11
5.7959538582677164
21
-3.0869861417322833
0
LINE
8
F.Cu
6
CONTINUOUS
10
6.5989066141732282
20
-3.0869861417322833
11
6.6046109055118105
21
-3.0893489370078742
0
LINE
8
F.Cu
6
CONTINUOUS
10
6.6046109055118105
20
-3.0893489370078742
11
6.6097446850393702
21
-3.0927792125984253
0
LINE
8
F.Cu
6
CONTINUOUS
10
6.6097446850393702
20
-3.0927792125984253
11
6.6141105511811018
21
-3.0971450787401573
0
LINE
8
F.Cu
6
CONTINUOUS
10
6.6141105511811018
20
-3.0971450787401573
11
6.6175408267716538
21
-3.1022788582677165
0
LINE
8
F.Cu
6
CONTINUOUS
10
6.6175408267716538
20
-3.1022788582677165
11
6.6199036220472438
21
-3.1079831496062993
0
LINE
8
F.Cu
6
CONTINUOUS
10
6.6199036220472438
20
-3.1079831496062993
11
6.6211081889763781
21
-3.1140388188976376
0
LINE
8
F.Cu
6
CONTINUOUS
10
6.6211081889763781
20
-3.1140388188976376
11
6.6211081889763781
21
-3.120213149606299
0
LINE
8
F.Cu
6
CONTINUOUS
10
6.6211081889763781
20
-3.120213149606299
11
6.6199036220472438
21
-3.1262688188976377
0
LINE
8
F.Cu
6
CONTINUOUS
10
6.6199036220472438
20
-3.1262688188976377
11
6.6175408267716538
21
-3.1319731102362205
0
LINE
8
F.Cu
6
CONTINUOUS
10
6.6175408267716538
20
-3.1319731102362205
11
6.6141105511811018
21
-3.1371068897637793
0
LINE
8
F.Cu
6
CONTINUOUS
10
6.6141105511811018
20
-3.1371068897637793
11
6.6097446850393702
21
-3.1414727559055118
0
LINE
8
F.Cu
6
CONTINUOUS
10
6.6097446850393702
20
-3.1414727559055118
11
6.6046109055118105
21
-3.1449030314960629
0
LINE
8
F.Cu
6
CONTINUOUS
10
6.6046109055118105
20
-3.1449030314960629
11
6.5989066141732282
21
-3.1472658267716533
0
LINE
8
F.Cu
6
CONTINUOUS
10
6.5989066141732282
20
-3.1472658267716533
11
6.5928509448818895
21
-3.1484703937007872
0
LINE
8
F.Cu
6
CONTINUOUS
10
6.5928509448818895
20
-3.1484703937007872
11
6.5866766141732285
21
-3.1484703937007872
0
LINE
8
F.Cu
6
CONTINUOUS
10
6.5866766141732285
20
-3.1484703937007872
11
6.5806209448818898
21
-3.1472658267716533
0
LINE
8
F.Cu
6
CONTINUOUS
10
6.5806209448818898
20
-3.1472658267716533
11
6.5749166535433066
21
-3.1449030314960629
0
LINE
8
F.Cu
6
CONTINUOUS
10
6.5749166535433066
20
-3.1449030314960629
11
6.5697828740157478
21
-3.1414727559055118
0
LINE
8
F.Cu
6
CONTINUOUS
10
6.5697828740157478
20
-3.1414727559055118
11
6.5654170078740153
21
-3.1371068897637793
0
LINE
8
F.Cu
6
CONTINUOUS
10
6.5654170078740153
20
-3.1371068897637793
11
6.5619867322834642
21
-3.1319731102362205
0
LINE
8
F.Cu
6
CONTINUOUS
10
6.5619867322834642
20
-3.1319731102362205
11
6.5596239370078742
21
-3.1262688188976377
0
LINE
8
F.Cu
6
CONTINUOUS
10
6.5596239370078742
20
-3.1262688188976377
11
6.5584193700787399
21
-3.120213149606299
0
LINE
8
F.Cu
6
CONTINUOUS
10
6.5584193700787399
20
-3.120213149606299
11
6.5584193700787399
21
-3.1140388188976376
0
LINE
8
F.Cu
6
CONTINUOUS
10
6.5584193700787399
20
-3.1140388188976376
11
6.5596239370078742
21
-3.1079831496062993
0
LINE
8
F.Cu
6
CONTINUOUS
10
6.5596239370078742
20
-3.1079831496062993
11
6.5619867322834642
21
-3.1022788582677165
0
LINE
8
F.Cu
6
CONTINUOUS
10
6.5619867322834642
20
-3.1022788582677165
11
6.5654170078740153
21
-3.0971450787401573
0
LINE
8
F.Cu
6
CONTINUOUS
10
6.5654170078740153
20
-3.0971450787401573
11
6.5697828740157478
21
-3.0927792125984253
0
LINE
8
F.Cu
6
CONTINUOUS
10
6.5697828740157478
20
-3.0927792125984253
11
6.5749166535433066
21
-3.0893489370078742
0
LINE
8
F.Cu
6
CONTINUOUS
10
6.5749166535433066
20
-3.0893489370078742
11
6.5806209448818898
21
-3.0869861417322833
0
LINE
8
F.Cu
6
CONTINUOUS
10
6.5806209448818898
20
-3.0869861417322833
11
6.5866766141732285
21
-3.0857815748031494
0
LINE
8
F.Cu
6
CONTINUOUS
10
6.5866766141732285
20
-3.0857815748031494
11
6.5928509448818895
21
-3.0857815748031494
0
LINE
8
F.Cu
6
CONTINUOUS
10
6.5928509448818895
20
-3.0857815748031494
11
6.5989066141732282
21
-3.0869861417322833
0
LINE
8
F.Cu
6
CONTINUOUS
10
6.898906614173228
20
-3.0869861417322833
11
6.9046109055118112
21
-3.0893489370078742
0
LINE
8
F.Cu
6
CONTINUOUS
10
6.9046109055118112
20
-3.0893489370078742
11
6.90974468503937
21
-3.0927792125984253
0
LINE
8
F.Cu
6
CONTINUOUS
10
6.90974468503937
20
-3.0927792125984253
11
6.9141105511811025
21
-3.0971450787401573
0
LINE
8
F.Cu
6
CONTINUOUS
10
6.9141105511811025
20
-3.0971450787401573
11
6.9175408267716536
21
-3.1022788582677165
0
LINE
8
F.Cu
6
CONTINUOUS
10
6.9175408267716536
20
-3.1022788582677165
11
6.9199036220472436
21
-3.1079831496062993
0
LINE
8
F.Cu
6
CONTINUOUS
10
6.9199036220472436
20
-3.1079831496062993
11
6.9211081889763779
21
-3.1140388188976376
0
LINE
8
F.Cu
6
CONTINUOUS
10
6.9211081889763779
20
-3.1140388188976376
11
6.9211081889763779
21
-3.120213149606299
0
LINE
8
F.Cu
6
CONTINUOUS
10
6.9211081889763779
20
-3.120213149606299
11
6.9199036220472436
21
-3.1262688188976377
0
LINE
8
F.Cu
6
CONTINUOUS
10
6.9199036220472436
20
-3.1262688188976377
11
6.9175408267716536
21
-3.1319731102362205
0
LINE
8
F.Cu
6
CONTINUOUS
10
6.9175408267716536
20
-3.1319731102362205
11
6.9141105511811025
21
-3.1371068897637793
0
LINE
8
F.Cu
6
CONTINUOUS
10
6.9141105511811025
20
-3.1371068897637793
11
6.90974468503937
21
-3.1414727559055118
0
LINE
8
F.Cu
6
CONTINUOUS
10
6.90974468503937
20
-3.1414727559055118
11
6.9046109055118112
21
-3.1449030314960629
0
LINE
8
F.Cu
6
CONTINUOUS
10
6.9046109055118112
20
-3.1449030314960629
11
6.898906614173228
21
-3.1472658267716533
0
LINE
8
F.Cu
6
CONTINUOUS
10
6.898906614173228
20
-3.1472658267716533
11
6.8928509448818893
21
-3.1484703937007872
0
LINE
8
F.Cu
6
CONTINUOUS
10
6.8928509448818893
20
-3.1484703937007872
11
6.8866766141732283
21
-3.1484703937007872
0
LINE
8
F.Cu
6
CONTINUOUS
10
6.8866766141732283
20
-3.1484703937007872
11
6.8806209448818896
21
-3.1472658267716533
0
LINE
8
F.Cu
6
CONTINUOUS
10
6.8806209448818896
20
-3.1472658267716533
11
6.8749166535433073
21
-3.1449030314960629
0
LINE
8
F.Cu
6
CONTINUOUS
10
6.8749166535433073
20
-3.1449030314960629
11
6.8697828740157476
21
-3.1414727559055118
0
LINE
8
F.Cu
6
CONTINUOUS
10
6.8697828740157476
20
-3.1414727559055118
11
6.865417007874016
21
-3.1371068897637793
0
LINE
8
F.Cu
6
CONTINUOUS
10
6.865417007874016
20
-3.1371068897637793
11
6.861986732283464
21
-3.1319731102362205
0
LINE
8
F.Cu
6
CONTINUOUS
10
6.861986732283464
20
-3.1319731102362205
11
6.859623937007874
21
-3.1262688188976377
0
LINE
8
F.Cu
6
CONTINUOUS
10
6.859623937007874
20
-3.1262688188976377
11
6.8584193700787397
21
-3.120213149606299
0
LINE
8
F.Cu
6
CONTINUOUS
10
6.8584193700787397
20
-3.120213149606299
11
6.8584193700787397
21
-3.1140388188976376
0
LINE
8
F.Cu
6
CONTINUOUS
10
6.8584193700787397
20
-3.1140388188976376
11
6.859623937007874
21
-3.1079831496062993
0
LINE
8
F.Cu
6
CONTINUOUS
10
6.859623937007874
20
-3.1079831496062993
11
6.861986732283464
21
-3.1022788582677165
0
LINE
8
F.Cu
6
CONTINUOUS
10
6.861986732283464
20
-3.1022788582677165
11
6.865417007874016
21
-3.0971450787401573
0
LINE
8
F.Cu
6
CONTINUOUS
10
6.865417007874016
20
-3.0971450787401573
11
6.8697828740157476
21
-3.0927792125984253
0
LINE
8
F.Cu
6
CONTINUOUS
10
6.8697828740157476
20
-3.0927792125984253
11
6.8749166535433073
21
-3.0893489370078742
0
LINE
8
F.Cu
6
CONTINUOUS
10
6.8749166535433073
20
-3.0893489370078742
11
6.8806209448818896
21
-3.0869861417322833
0
LINE
8
F.Cu
6
CONTINUOUS
10
6.8806209448818896
20
-3.0869861417322833
11
6.8866766141732283
21
-3.0857815748031494
0
LINE
8
F.Cu
6
CONTINUOUS
10
6.8866766141732283
20
-3.0857815748031494
11
6.8928509448818893
21
-3.0857815748031494
0
LINE
8
F.Cu
6
CONTINUOUS
10
6.8928509448818893
20
-3.0857815748031494
11
6.898906614173228
21
-3.0869861417322833
0
LINE
8
F.Cu
6
CONTINUOUS
10
4.8367018897637797
20
-2.9869861417322836
11
4.842406181102362
21
-2.9893489370078741
0
LINE
8
F.Cu
6
CONTINUOUS
10
4.842406181102362
20
-2.9893489370078741
11
4.8475399606299208
21
-2.9927792125984252
0
LINE
8
F.Cu
6
CONTINUOUS
10
4.8475399606299208
20
-2.9927792125984252
11
4.8519058267716533
21
-2.9971450787401572
0
LINE
8
F.Cu
6
CONTINUOUS
10
4.8519058267716533
20
-2.9971450787401572
11
4.8553361023622044
21
-3.0022788582677165
0
LINE
8
F.Cu
6
CONTINUOUS
10
4.8553361023622044
20
-3.0022788582677165
11
4.8576988976377953
21
-3.0079831496062992
0
LINE
8
F.Cu
6
CONTINUOUS
10
4.8576988976377953
20
-3.0079831496062992
11
4.8589034645669287
21
-3.0140388188976379
0
LINE
8
F.Cu
6
CONTINUOUS
10
4.8589034645669287
20
-3.0140388188976379
11
4.8589034645669287
21
-3.0202131496062989
0
LINE
8
F.Cu
6
CONTINUOUS
10
4.8589034645669287
20
-3.0202131496062989
11
4.8576988976377953
21
-3.0262688188976377
0
LINE
8
F.Cu
6
CONTINUOUS
10
4.8576988976377953
20
-3.0262688188976377
11
4.8553361023622044
21
-3.0319731102362204
0
LINE
8
F.Cu
6
CONTINUOUS
10
4.8553361023622044
20
-3.0319731102362204
11
4.8519058267716533
21
-3.0371068897637796
0
LINE
8
F.Cu
6
CONTINUOUS
10
4.8519058267716533
20
-3.0371068897637796
11
4.8475399606299208
21
-3.0414727559055117
0
LINE
8
F.Cu
6
CONTINUOUS
10
4.8475399606299208
20
-3.0414727559055117
11
4.842406181102362
21
-3.0449030314960628
0
LINE
8
F.Cu
6
CONTINUOUS
10
4.842406181102362
20
-3.0449030314960628
11
4.8367018897637797
21
-3.0472658267716533
0
LINE
8
F.Cu
6
CONTINUOUS
10
4.8367018897637797
20
-3.0472658267716533
11
4.830646220472441
21
-3.0484703937007875
0
LINE
8
F.Cu
6
CONTINUOUS
10
4.830646220472441
20
-3.0484703937007875
11
4.8244718897637791
21
-3.0484703937007875
0
LINE
8
F.Cu
6
CONTINUOUS
10
4.8244718897637791
20
-3.0484703937007875
11
4.8184162204724412
21
-3.0472658267716533
0
LINE
8
F.Cu
6
CONTINUOUS
10
4.8184162204724412
20
-3.0472658267716533
11
4.812711929133858
21
-3.0449030314960628
0
LINE
8
F.Cu
6
CONTINUOUS
10
4.812711929133858
20
-3.0449030314960628
11
4.8075781496062993
21
-3.0414727559055117
0
LINE
8
F.Cu
6
CONTINUOUS
10
4.8075781496062993
20
-3.0414727559055117
11
4.8032122834645667
21
-3.0371068897637796
0
LINE
8
F.Cu
6
CONTINUOUS
10
4.8032122834645667
20
-3.0371068897637796
11
4.7997820078740157
21
-3.0319731102362204
0
LINE
8
F.Cu
6
CONTINUOUS
10
4.7997820078740157
20
-3.0319731102362204
11
4.7974192125984247
21
-3.0262688188976377
0
LINE
8
F.Cu
6
CONTINUOUS
10
4.7974192125984247
20
-3.0262688188976377
11
4.7962146456692913
21
-3.0202131496062989
0
LINE
8
F.Cu
6
CONTINUOUS
10
4.7962146456692913
20
-3.0202131496062989
11
4.7962146456692913
21
-3.0140388188976379
0
LINE
8
F.Cu
6
CONTINUOUS
10
4.7962146456692913
20
-3.0140388188976379
11
4.7974192125984247
21
-3.0079831496062992
0
LINE
8
F.Cu
6
CONTINUOUS
10
4.7974192125984247
20
-3.0079831496062992
11
4.7997820078740157
21
-3.0022788582677165
0
LINE
8
F.Cu
6
CONTINUOUS
10
4.7997820078740157
20
-3.0022788582677165
11
4.8032122834645667
21
-2.9971450787401572
0
LINE
8
F.Cu
6
CONTINUOUS
10
4.8032122834645667
20
-2.9971450787401572
11
4.8075781496062993
21
-2.9927792125984252
0
LINE
8
F.Cu
6
CONTINUOUS
10
4.8075781496062993
20
-2.9927792125984252
11
4.812711929133858
21
-2.9893489370078741
0
LINE
8
F.Cu
6
CONTINUOUS
10
4.812711929133858
20
-2.9893489370078741
11
4.8184162204724412
21
-2.9869861417322836
0
LINE
8
F.Cu
6
CONTINUOUS
10
4.8184162204724412
20
-2.9869861417322836
11
4.8244718897637791
21
-2.9857815748031493
0
LINE
8
F.Cu
6
CONTINUOUS
10
4.8244718897637791
20
-2.9857815748031493
11
4.830646220472441
21
-2.9857815748031493
0
LINE
8
F.Cu
6
CONTINUOUS
10
4.830646220472441
20
-2.9857815748031493
11
4.8367018897637797
21
-2.9869861417322836
0
LINE
8
F.Cu
6
CONTINUOUS
10
6.5970570078740156
20
-2.6379636614173227
11
6.5970575984251969
21
-2.6379636614173227
0
LINE
8
F.Cu
6
CONTINUOUS
10
6.5970575984251969
20
-2.6379636614173227
11
6.6020213385826771
21
-2.6392937007874013
0
LINE
8
F.Cu
6
CONTINUOUS
10
6.6020213385826771
20
-2.6392937007874013
11
6.6064716929133853
21
-2.6418631102362204
0
LINE
8
F.Cu
6
CONTINUOUS
10
6.6064716929133853
20
-2.6418631102362204
11
6.6064722834645666
21
-2.6418637007874017
0
LINE
8
F.Cu
6
CONTINUOUS
10
6.6064722834645666
20
-2.6418637007874017
11
6.6084075984251971
21
-2.6435609055118108
0
LINE
8
F.Cu
6
CONTINUOUS
10
6.6084075984251971
20
-2.6435609055118108
11
6.7068327952755906
21
-2.7419861023622047
0
LINE
8
F.Cu
6
CONTINUOUS
10
6.7068327952755906
20
-2.7419861023622047
11
6.7085299606299209
21
-2.743921377952756
0
LINE
8
F.Cu
6
CONTINUOUS
10
6.7085299606299209
20
-2.743921377952756
11
6.7085305905511809
21
-2.7439220078740156
0
LINE
8
F.Cu
6
CONTINUOUS
10
6.7085305905511809
20
-2.7439220078740156
11
6.7111000000000001
21
-2.7483723622047243
0
LINE
8
F.Cu
6
CONTINUOUS
10
6.7111000000000001
20
-2.7483723622047243
11
6.7124300393700782
21
-2.7533361023622045
0
LINE
8
F.Cu
6
CONTINUOUS
10
6.7124300393700782
20
-2.7533361023622045
11
6.7124300393700782
21
-2.7533366929133858
0
LINE
8
F.Cu
6
CONTINUOUS
10
6.7124300393700782
20
-2.7533366929133858
11
6.71259842519685
21
-2.7559055118110236
0
LINE
8
F.Cu
6
CONTINUOUS
10
6.71259842519685
20
-2.7559055118110236
11
6.71259842519685
21
-2.813976377952756
0
LINE
8
F.Cu
6
CONTINUOUS
10
6.71259842519685
20
-2.813976377952756
11
6.7124300393700782
21
-2.8165451574803151
0
LINE
8
F.Cu
6
CONTINUOUS
10
6.7124300393700782
20
-2.8165451574803151
11
6.7124300393700782
21
-2.8165457874015747
0
LINE
8
F.Cu
6
CONTINUOUS
10
6.7124300393700782
20
-2.8165457874015747
11
6.7115861023622045
21
-2.8196953937007874
0
LINE
8
F.Cu
6
CONTINUOUS
10
6.7115861023622045
20
-2.8196953937007874
11
6.7111000000000001
21
-2.8215095275590549
0
LINE
8
F.Cu
6
CONTINUOUS
10
6.7111000000000001
20
-2.8215095275590549
11
6.7085305905511809
21
-2.8259598818897635
0
LINE
8
F.Cu
6
CONTINUOUS
10
6.7085305905511809
20
-2.8259598818897635
11
6.7085302755905509
21
-2.8259601574803148
0
LINE
8
F.Cu
6
CONTINUOUS
10
6.7085302755905509
20
-2.8259601574803148
11
6.7068328346456694
21
-2.8278957874015749
0
LINE
8
F.Cu
6
CONTINUOUS
10
6.7068328346456694
20
-2.8278957874015749
11
6.6210387401574797
21
-2.9136898031496061
0
LINE
8
F.Cu
6
CONTINUOUS
10
6.6210387401574797
20
-2.9136898031496061
11
6.6211081889763781
21
-2.9140388188976378
0
LINE
8
F.Cu
6
CONTINUOUS
10
6.6211081889763781
20
-2.9140388188976378
11
6.6211081889763781
21
-2.9202131496062993
0
LINE
8
F.Cu
6
CONTINUOUS
10
6.6211081889763781
20
-2.9202131496062993
11
6.6199036220472438
21
-2.9262688188976376
0
LINE
8
F.Cu
6
CONTINUOUS
10
6.6199036220472438
20
-2.9262688188976376
11
6.6175408267716538
21
-2.9319731102362203
0
LINE
8
F.Cu
6
CONTINUOUS
10
6.6175408267716538
20
-2.9319731102362203
11
6.6141105511811018
21
-2.9371068897637795
0
LINE
8
F.Cu
6
CONTINUOUS
10
6.6141105511811018
20
-2.9371068897637795
11
6.6097446850393702
21
-2.9414727559055116
0
LINE
8
F.Cu
6
CONTINUOUS
10
6.6097446850393702
20
-2.9414727559055116
11
6.6046109055118105
21
-2.9449030314960631
0
LINE
8
F.Cu
6
CONTINUOUS
10
6.6046109055118105
20
-2.9449030314960631
11
6.5989066141732282
21
-2.9472658267716536
0
LINE
8
F.Cu
6
CONTINUOUS
10
6.5989066141732282
20
-2.9472658267716536
11
6.5928509448818895
21
-2.9484703937007875
0
LINE
8
F.Cu
6
CONTINUOUS
10
6.5928509448818895
20
-2.9484703937007875
11
6.5866766141732285
21
-2.9484703937007875
0
LINE
8
F.Cu
6
CONTINUOUS
10
6.5866766141732285
20
-2.9484703937007875
11
6.5806209448818898
21
-2.9472658267716536
0
LINE
8
F.Cu
6
CONTINUOUS
10
6.5806209448818898
20
-2.9472658267716536
11
6.5749166535433066
21
-2.9449030314960631
0
LINE
8
F.Cu
6
CONTINUOUS
10
6.5749166535433066
20
-2.9449030314960631
11
6.5697828740157478
21
-2.9414727559055116
0
LINE
8
F.Cu
6
CONTINUOUS
10
6.5697828740157478
20
-2.9414727559055116
11
6.5654170078740153
21
-2.9371068897637795
0
LINE
8
F.Cu
6
CONTINUOUS
10
6.5654170078740153
20
-2.9371068897637795
11
6.5619867322834642
21
-2.9319731102362203
0
LINE
8
F.Cu
6
CONTINUOUS
10
6.5619867322834642
20
-2.9319731102362203
11
6.5596239370078742
21
-2.9262688188976376
0
LINE
8
F.Cu
6
CONTINUOUS
10
6.5596239370078742
20
-2.9262688188976376
11
6.5584193700787399
21
-2.9202131496062993
0
LINE
8
F.Cu
6
CONTINUOUS
10
6.5584193700787399
20
-2.9202131496062993
11
6.5584193700787399
21
-2.9140388188976378
0
LINE
8
F.Cu
6
CONTINUOUS
10
6.5584193700787399
20
-2.9140388188976378
11
6.5596239370078742
21
-2.9079831496062991
0
LINE
8
F.Cu
6
CONTINUOUS
10
6.5596239370078742
20
-2.9079831496062991
11
6.5619867322834642
21
-2.9022788582677164
0
LINE
8
F.Cu
6
CONTINUOUS
10
6.5619867322834642
20
-2.9022788582677164
11
6.5654170078740153
21
-2.8971450787401576
0
LINE
8
F.Cu
6
CONTINUOUS
10
6.5654170078740153
20
-2.8971450787401576
11
6.5697828740157478
21
-2.8927792125984251
0
LINE
8
F.Cu
6
CONTINUOUS
10
6.5697828740157478
20
-2.8927792125984251
11
6.5749166535433066
21
-2.889348937007874
0
LINE
8
F.Cu
6
CONTINUOUS
10
6.5749166535433066
20
-2.889348937007874
11
6.5806209448818898
21
-2.8869861417322835
0
LINE
8
F.Cu
6
CONTINUOUS
10
6.5806209448818898
20
-2.8869861417322835
11
6.5866766141732285
21
-2.8857815748031497
0
LINE
8
F.Cu
6
CONTINUOUS
10
6.5866766141732285
20
-2.8857815748031497
11
6.5928509448818895
21
-2.8857815748031497
0
LINE
8
F.Cu
6
CONTINUOUS
10
6.5928509448818895
20
-2.8857815748031497
11
6.593199921259842
21
-2.8858509842519684
0
LINE
8
F.Cu
6
CONTINUOUS
10
6.593199921259842
20
-2.8858509842519684
11
6.6732283464566926
21
-2.8058225590551182
0
LINE
8
F.Cu
6
CONTINUOUS
10
6.6732283464566926
20
-2.8058225590551182
11
6.6732283464566926
21
-2.7640592913385826
0
LINE
8
F.Cu
6
CONTINUOUS
10
6.6732283464566926
20
-2.7640592913385826
11
6.5863344094488188
21
-2.6771653543307088
0
LINE
8
F.Cu
6
CONTINUOUS
10
6.5863344094488188
20
-2.6771653543307088
11
5.7168151968503933
21
-2.6771653543307088
0
LINE
8
F.Cu
6
CONTINUOUS
10
5.7168151968503933
20
-2.6771653543307088
11
5.6299212598425195
21
-2.7640592913385826
0
LINE
8
F.Cu
6
CONTINUOUS
10
5.6299212598425195
20
-2.7640592913385826
11
5.6299212598425195
21
-2.8937007874015745
0
LINE
8
F.Cu
6
CONTINUOUS
10
5.6299212598425195
20
-2.8937007874015745
11
5.6297528740157476
21
-2.8962695669291336
0
LINE
8
F.Cu
6
CONTINUOUS
10
5.6297528740157476
20
-2.8962695669291336
11
5.6297528740157476
21
-2.8962701968503937
0
LINE
8
F.Cu
6
CONTINUOUS
10
5.6297528740157476
20
-2.8962701968503937
11
5.628703897637795
21
-2.9001849606299213
0
LINE
8
F.Cu
6
CONTINUOUS
10
5.628703897637795
20
-2.9001849606299213
11
5.6284228346456695
21
-2.9012339370078739
0
LINE
8
F.Cu
6
CONTINUOUS
10
5.6284228346456695
20
-2.9012339370078739
11
5.6258534251968504
21
-2.9056842913385825
0
LINE
8
F.Cu
6
CONTINUOUS
10
5.6258534251968504
20
-2.9056842913385825
11
5.6258531102362204
21
-2.9056845669291338
0
LINE
8
F.Cu
6
CONTINUOUS
10
5.6258531102362204
20
-2.9056845669291338
11
5.6241556692913388
21
-2.9076201968503939
0
LINE
8
F.Cu
6
CONTINUOUS
10
5.6241556692913388
20
-2.9076201968503939
11
5.5180859842519681
21
-3.0136898031496062
0
LINE
8
F.Cu
6
CONTINUOUS
10
5.5180859842519681
20
-3.0136898031496062
11
5.5181554330708664
21
-3.0140388188976379
0
LINE
8
F.Cu
6
CONTINUOUS
10
5.5181554330708664
20
-3.0140388188976379
11
5.5181554330708664
21
-3.0202131496062989
0
LINE
8
F.Cu
6
CONTINUOUS
10
5.5181554330708664
20
-3.0202131496062989
11
5.5169508661417321
21
-3.0262688188976377
0
LINE
8
F.Cu
6
CONTINUOUS
10
5.5169508661417321
20
-3.0262688188976377
11
5.5145880708661412
21
-3.0319731102362204
0
LINE
8
F.Cu
6
CONTINUOUS
10
5.5145880708661412
20
-3.0319731102362204
11
5.5111577952755901
21
-3.0371068897637796
0
LINE
8
F.Cu
6
CONTINUOUS
10
5.5111577952755901
20
-3.0371068897637796
11
5.5067919291338585
21
-3.0414727559055117
0
LINE
8
F.Cu
6
CONTINUOUS
10
5.5067919291338585
20
-3.0414727559055117
11
5.5016581496062988
21
-3.0449030314960628
0
LINE
8
F.Cu
6
CONTINUOUS
10
5.5016581496062988
20
-3.0449030314960628
11
5.4959538582677165
21
-3.0472658267716533
0
LINE
8
F.Cu
6
CONTINUOUS
10
5.4959538582677165
20
-3.0472658267716533
11
5.4898981889763778
21
-3.0484703937007875
0
LINE
8
F.Cu
6
CONTINUOUS
10
5.4898981889763778
20
-3.0484703937007875
11
5.4837238582677168
21
-3.0484703937007875
0
LINE
8
F.Cu
6
CONTINUOUS
10
5.4837238582677168
20
-3.0484703937007875
11
5.4776681889763781
21
-3.0472658267716533
0
LINE
8
F.Cu
6
CONTINUOUS
10
5.4776681889763781
20
-3.0472658267716533
11
5.4719638976377949
21
-3.0449030314960628
0
LINE
8
F.Cu
6
CONTINUOUS
10
5.4719638976377949
20
-3.0449030314960628
11
5.4668301181102361
21
-3.0414727559055117
0
LINE
8
F.Cu
6
CONTINUOUS
10
5.4668301181102361
20
-3.0414727559055117
11
5.4624642519685036
21
-3.0371068897637796
0
LINE
8
F.Cu
6
CONTINUOUS
10
5.4624642519685036
20
-3.0371068897637796
11
5.4590339763779525
21
-3.0319731102362204
0
LINE
8
F.Cu
6
CONTINUOUS
10
5.4590339763779525
20
-3.0319731102362204
11
5.4566711811023625
21
-3.0262688188976377
0
LINE
8
F.Cu
6
CONTINUOUS
10
5.4566711811023625
20
-3.0262688188976377
11
5.4554666141732282
21
-3.0202131496062989
0
LINE
8
F.Cu
6
CONTINUOUS
10
5.4554666141732282
20
-3.0202131496062989
11
5.4554666141732282
21
-3.0140388188976379
0
LINE
8
F.Cu
6
CONTINUOUS
10
5.4554666141732282
20
-3.0140388188976379
11
5.4566711811023625
21
-3.0079831496062992
0
LINE
8
F.Cu
6
CONTINUOUS
10
5.4566711811023625
20
-3.0079831496062992
11
5.4590339763779525
21
-3.0022788582677165
0
LINE
8
F.Cu
6
CONTINUOUS
10
5.4590339763779525
20
-3.0022788582677165
11
5.4624642519685036
21
-2.9971450787401572
0
LINE
8
F.Cu
6
CONTINUOUS
10
5.4624642519685036
20
-2.9971450787401572
11
5.4668301181102361
21
-2.9927792125984252
0
LINE
8
F.Cu
6
CONTINUOUS
10
5.4668301181102361
20
-2.9927792125984252
11
5.4719638976377949
21
-2.9893489370078741
0
LINE
8
F.Cu
6
CONTINUOUS
10
5.4719638976377949
20
-2.9893489370078741
11
5.4776681889763781
21
-2.9869861417322836
0
LINE
8
F.Cu
6
CONTINUOUS
10
5.4776681889763781
20
-2.9869861417322836
11
5.4837238582677168
21
-2.9857815748031493
0
LINE
8
F.Cu
6
CONTINUOUS
10
5.4837238582677168
20
-2.9857815748031493
11
5.4898981889763778
21
-2.9857815748031493
0
LINE
8
F.Cu
6
CONTINUOUS
10
5.4898981889763778
20
-2.9857815748031493
11
5.4902471653543303
21
-2.9858509842519685
0
LINE
8
F.Cu
6
CONTINUOUS
10
5.4902471653543303
20
-2.9858509842519685
11
5.590551181102362
21
-2.8855469685039368
0
LINE
8
F.Cu
6
CONTINUOUS
10
5.590551181102362
20
-2.8855469685039368
11
5.590551181102362
21
-2.7559055118110236
0
LINE
8
F.Cu
6
CONTINUOUS
10
5.590551181102362
20
-2.7559055118110236
11
5.5907195669291339
21
-2.7533366929133858
0
LINE
8
F.Cu
6
CONTINUOUS
10
5.5907195669291339
20
-2.7533366929133858
11
5.5907195669291339
21
-2.7533361023622045
0
LINE
8
F.Cu
6
CONTINUOUS
10
5.5907195669291339
20
-2.7533361023622045
11
5.5920496062992129
21
-2.7483723622047243
0
LINE
8
F.Cu
6
CONTINUOUS
10
5.5920496062992129
20
-2.7483723622047243
11
5.5946190157480311
21
-2.7439220078740156
0
LINE
8
F.Cu
6
CONTINUOUS
10
5.5946190157480311
20
-2.7439220078740156
11
5.5946196062992124
21
-2.743921377952756
0
LINE
8
F.Cu
6
CONTINUOUS
10
5.5946196062992124
20
-2.743921377952756
11
5.5963168110236223
21
-2.7419861023622047
0
LINE
8
F.Cu
6
CONTINUOUS
10
5.5963168110236223
20
-2.7419861023622047
11
5.6947420078740159
21
-2.6435609055118108
0
LINE
8
F.Cu
6
CONTINUOUS
10
5.6947420078740159
20
-2.6435609055118108
11
5.6966772834645667
21
-2.6418637007874017
0
LINE
8
F.Cu
6
CONTINUOUS
10
5.6966772834645667
20
-2.6418637007874017
11
5.6966779133858267
21
-2.6418631102362204
0
LINE
8
F.Cu
6
CONTINUOUS
10
5.6966779133858267
20
-2.6418631102362204
11
5.7011282677165349
21
-2.6392937007874013
0
LINE
8
F.Cu
6
CONTINUOUS
10
5.7011282677165349
20
-2.6392937007874013
11
5.706092007874016
21
-2.6379636614173227
0
LINE
8
F.Cu
6
CONTINUOUS
10
5.706092007874016
20
-2.6379636614173227
11
5.7060925984251964
21
-2.6379636614173227
0
LINE
8
F.Cu
6
CONTINUOUS
10
5.7060925984251964
20
-2.6379636614173227
11
5.7086614173228343
21
-2.6377952755905509
0
LINE
8
F.Cu
6
CONTINUOUS
10
5.7086614173228343
20
-2.6377952755905509
11
6.5944881889763778
21
-2.6377952755905509
0
LINE
8
F.Cu
6
CONTINUOUS
10
6.5944881889763778
20
-2.6377952755905509
11
6.5970570078740156
21
-2.6379636614173227
0
LINE
8
F.Cu
6
CONTINUOUS
10
5.7959538582677164
20
-2.9869861417322836
11
5.8016581496062987
21
-2.9893489370078741
0
LINE
8
F.Cu
6
CONTINUOUS
10
5.8016581496062987
20
-2.9893489370078741
11
5.8067919291338583
21
-2.9927792125984252
0
LINE
8
F.Cu
6
CONTINUOUS
10
5.8067919291338583
20
-2.9927792125984252
11
5.8111577952755908
21
-2.9971450787401572
0
LINE
8
F.Cu
6
CONTINUOUS
10
5.8111577952755908
20
-2.9971450787401572
11
5.8145880708661419
21
-3.0022788582677165
0
LINE
8
F.Cu
6
CONTINUOUS
10
5.8145880708661419
20
-3.0022788582677165
11
5.816950866141732
21
-3.0079831496062992
0
LINE
8
F.Cu
6
CONTINUOUS
10
5.816950866141732
20
-3.0079831496062992
11
5.8181554330708662
21
-3.0140388188976379
0
LINE
8
F.Cu
6
CONTINUOUS
10
5.8181554330708662
20
-3.0140388188976379
11
5.8181554330708662
21
-3.0202131496062989
0
LINE
8
F.Cu
6
CONTINUOUS
10
5.8181554330708662
20
-3.0202131496062989
11
5.816950866141732
21
-3.0262688188976377
0
LINE
8
F.Cu
6
CONTINUOUS
10
5.816950866141732
20
-3.0262688188976377
11
5.8145880708661419
21
-3.0319731102362204
0
LINE
8
F.Cu
6
CONTINUOUS
10
5.8145880708661419
20
-3.0319731102362204
11
5.8111577952755908
21
-3.0371068897637796
0
LINE
8
F.Cu
6
CONTINUOUS
10
5.8111577952755908
20
-3.0371068897637796
11
5.8067919291338583
21
-3.0414727559055117
0
LINE
8
F.Cu
6
CONTINUOUS
10
5.8067919291338583
20
-3.0414727559055117
11
5.8016581496062987
21
-3.0449030314960628
0
LINE
8
F.Cu
6
CONTINUOUS
10
5.8016581496062987
20
-3.0449030314960628
11
5.7959538582677164
21
-3.0472658267716533
0
LINE
8
F.Cu
6
CONTINUOUS
10
5.7959538582677164
20
-3.0472658267716533
11
5.7898981889763776
21
-3.0484703937007875
0
LINE
8
F.Cu
6
CONTINUOUS
10
5.7898981889763776
20
-3.0484703937007875
11
5.7837238582677166
21
-3.0484703937007875
0
LINE
8
F.Cu
6
CONTINUOUS
10
5.7837238582677166
20
-3.0484703937007875
11
5.7776681889763779
21
-3.0472658267716533
0
LINE
8
F.Cu
6
CONTINUOUS
10
5.7776681889763779
20
-3.0472658267716533
11
5.7719638976377947
21
-3.0449030314960628
0
LINE
8
F.Cu
6
CONTINUOUS
10
5.7719638976377947
20
-3.0449030314960628
11
5.7668301181102359
21
-3.0414727559055117
0
LINE
8
F.Cu
6
CONTINUOUS
10
5.7668301181102359
20
-3.0414727559055117
11
5.7624642519685034
21
-3.0371068897637796
0
LINE
8
F.Cu
6
CONTINUOUS
10
5.7624642519685034
20
-3.0371068897637796
11
5.7590339763779523
21
-3.0319731102362204
0
LINE
8
F.Cu
6
CONTINUOUS
10
5.7590339763779523
20
-3.0319731102362204
11
5.7566711811023623
21
-3.0262688188976377
0
LINE
8
F.Cu
6
CONTINUOUS
10
5.7566711811023623
20
-3.0262688188976377
11
5.755466614173228
21
-3.0202131496062989
0
LINE
8
F.Cu
6
CONTINUOUS
10
5.755466614173228
20
-3.0202131496062989
11
5.755466614173228
21
-3.0140388188976379
0
LINE
8
F.Cu
6
CONTINUOUS
10
5.755466614173228
20
-3.0140388188976379
11
5.7566711811023623
21
-3.0079831496062992
0
LINE
8
F.Cu
6
CONTINUOUS
10
5.7566711811023623
20
-3.0079831496062992
11
5.7590339763779523
21
-3.0022788582677165
0
LINE
8
F.Cu
6
CONTINUOUS
10
5.7590339763779523
20
-3.0022788582677165
11
5.7624642519685034
21
-2.9971450787401572
0
LINE
8
F.Cu
6
CONTINUOUS
10
5.7624642519685034
20
-2.9971450787401572
11
5.7668301181102359
21
-2.9927792125984252
0
LINE
8
F.Cu
6
CONTINUOUS
10
5.7668301181102359
20
-2.9927792125984252
11
5.7719638976377947
21
-2.9893489370078741
0
LINE
8
F.Cu
6
CONTINUOUS
10
5.7719638976377947
20
-2.9893489370078741
11
5.7776681889763779
21
-2.9869861417322836
0
LINE
8
F.Cu
6
CONTINUOUS
10
5.7776681889763779
20
-2.9869861417322836
11
5.7837238582677166
21
-2.9857815748031493
0
LINE
8
F.Cu
6
CONTINUOUS
10
5.7837238582677166
20
-2.9857815748031493
11
5.7898981889763776
21
-2.9857815748031493
0
LINE
8
F.Cu
6
CONTINUOUS
10
5.7898981889763776
20
-2.9857815748031493
11
5.7959538582677164
21
-2.9869861417322836
0
LINE
8
F.Cu
6
CONTINUOUS
10
6.5989066141732282
20
-2.9869861417322836
11
6.6046109055118105
21
-2.9893489370078741
0
LINE
8
F.Cu
6
CONTINUOUS
10
6.6046109055118105
20
-2.9893489370078741
11
6.6097446850393702
21
-2.9927792125984252
0
LINE
8
F.Cu
6
CONTINUOUS
10
6.6097446850393702
20
-2.9927792125984252
11
6.6141105511811018
21
-2.9971450787401572
0
LINE
8
F.Cu
6
CONTINUOUS
10
6.6141105511811018
20
-2.9971450787401572
11
6.6175408267716538
21
-3.0022788582677165
0
LINE
8
F.Cu
6
CONTINUOUS
10
6.6175408267716538
20
-3.0022788582677165
11
6.6199036220472438
21
-3.0079831496062992
0
LINE
8
F.Cu
6
CONTINUOUS
10
6.6199036220472438
20
-3.0079831496062992
11
6.6211081889763781
21
-3.0140388188976379
0
LINE
8
F.Cu
6
CONTINUOUS
10
6.6211081889763781
20
-3.0140388188976379
11
6.6211081889763781
21
-3.0202131496062989
0
LINE
8
F.Cu
6
CONTINUOUS
10
6.6211081889763781
20
-3.0202131496062989
11
6.6199036220472438
21
-3.0262688188976377
0
LINE
8
F.Cu
6
CONTINUOUS
10
6.6199036220472438
20
-3.0262688188976377
11
6.6175408267716538
21
-3.0319731102362204
0
LINE
8
F.Cu
6
CONTINUOUS
10
6.6175408267716538
20
-3.0319731102362204
11
6.6141105511811018
21
-3.0371068897637796
0
LINE
8
F.Cu
6
CONTINUOUS
10
6.6141105511811018
20
-3.0371068897637796
11
6.6097446850393702
21
-3.0414727559055117
0
LINE
8
F.Cu
6
CONTINUOUS
10
6.6097446850393702
20
-3.0414727559055117
11
6.6046109055118105
21
-3.0449030314960628
0
LINE
8
F.Cu
6
CONTINUOUS
10
6.6046109055118105
20
-3.0449030314960628
11
6.5989066141732282
21
-3.0472658267716533
0
LINE
8
F.Cu
6
CONTINUOUS
10
6.5989066141732282
20
-3.0472658267716533
11
6.5928509448818895
21
-3.0484703937007875
0
LINE
8
F.Cu
6
CONTINUOUS
10
6.5928509448818895
20
-3.0484703937007875
11
6.5866766141732285
21
-3.0484703937007875
0
LINE
8
F.Cu
6
CONTINUOUS
10
6.5866766141732285
20
-3.0484703937007875
11
6.5806209448818898
21
-3.0472658267716533
0
LINE
8
F.Cu
6
CONTINUOUS
10
6.5806209448818898
20
-3.0472658267716533
11
6.5749166535433066
21
-3.0449030314960628
0
LINE
8
F.Cu
6
CONTINUOUS
10
6.5749166535433066
20
-3.0449030314960628
11
6.5697828740157478
21
-3.0414727559055117
0
LINE
8
F.Cu
6
CONTINUOUS
10
6.5697828740157478
20
-3.0414727559055117
11
6.5654170078740153
21
-3.0371068897637796
0
LINE
8
F.Cu
6
CONTINUOUS
10
6.5654170078740153
20
-3.0371068897637796
11
6.5619867322834642
21
-3.0319731102362204
0
LINE
8
F.Cu
6
CONTINUOUS
10
6.5619867322834642
20
-3.0319731102362204
11
6.5596239370078742
21
-3.0262688188976377
0
LINE
8
F.Cu
6
CONTINUOUS
10
6.5596239370078742
20
-3.0262688188976377
11
6.5584193700787399
21
-3.0202131496062989
0
LINE
8
F.Cu
6
CONTINUOUS
10
6.5584193700787399
20
-3.0202131496062989
11
6.5584193700787399
21
-3.0140388188976379
0
LINE
8
F.Cu
6
CONTINUOUS
10
6.5584193700787399
20
-3.0140388188976379
11
6.5596239370078742
21
-3.0079831496062992
0
LINE
8
F.Cu
6
CONTINUOUS
10
6.5596239370078742
20
-3.0079831496062992
11
6.5619867322834642
21
-3.0022788582677165
0
LINE
8
F.Cu
6
CONTINUOUS
10
6.5619867322834642
20
-3.0022788582677165
11
6.5654170078740153
21
-2.9971450787401572
0
LINE
8
F.Cu
6
CONTINUOUS
10
6.5654170078740153
20
-2.9971450787401572
11
6.5697828740157478
21
-2.9927792125984252
0
LINE
8
F.Cu
6
CONTINUOUS
10
6.5697828740157478
20
-2.9927792125984252
11
6.5749166535433066
21
-2.9893489370078741
0
LINE
8
F.Cu
6
CONTINUOUS
10
6.5749166535433066
20
-2.9893489370078741
11
6.5806209448818898
21
-2.9869861417322836
0
LINE
8
F.Cu
6
CONTINUOUS
10
6.5806209448818898
20
-2.9869861417322836
11
6.5866766141732285
21
-2.9857815748031493
0
LINE
8
F.Cu
6
CONTINUOUS
10
6.5866766141732285
20
-2.9857815748031493
11
6.5928509448818895
21
-2.9857815748031493
0
LINE
8
F.Cu
6
CONTINUOUS
10
6.5928509448818895
20
-2.9857815748031493
11
6.5989066141732282
21
-2.9869861417322836
0
LINE
8
F.Cu
6
CONTINUOUS
10
6.898906614173228
20
-2.9869861417322836
11
6.9046109055118112
21
-2.9893489370078741
0
LINE
8
F.Cu
6
CONTINUOUS
10
6.9046109055118112
20
-2.9893489370078741
11
6.90974468503937
21
-2.9927792125984252
0
LINE
8
F.Cu
6
CONTINUOUS
10
6.90974468503937
20
-2.9927792125984252
11
6.9141105511811025
21
-2.9971450787401572
0
LINE
8
F.Cu
6
CONTINUOUS
10
6.9141105511811025
20
-2.9971450787401572
11
6.9175408267716536
21
-3.0022788582677165
0
LINE
8
F.Cu
6
CONTINUOUS
10
6.9175408267716536
20
-3.0022788582677165
11
6.9199036220472436
21
-3.0079831496062992
0
LINE
8
F.Cu
6
CONTINUOUS
10
6.9199036220472436
20
-3.0079831496062992
11
6.9211081889763779
21
-3.0140388188976379
0
LINE
8
F.Cu
6
CONTINUOUS
10
6.9211081889763779
20
-3.0140388188976379
11
6.9211081889763779
21
-3.0202131496062989
0
LINE
8
F.Cu
6
CONTINUOUS
10
6.9211081889763779
20
-3.0202131496062989
11
6.9199036220472436
21
-3.0262688188976377
0
LINE
8
F.Cu
6
CONTINUOUS
10
6.9199036220472436
20
-3.0262688188976377
11
6.9175408267716536
21
-3.0319731102362204
0
LINE
8
F.Cu
6
CONTINUOUS
10
6.9175408267716536
20
-3.0319731102362204
11
6.9141105511811025
21
-3.0371068897637796
0
LINE
8
F.Cu
6
CONTINUOUS
10
6.9141105511811025
20
-3.0371068897637796
11
6.90974468503937
21
-3.0414727559055117
0
LINE
8
F.Cu
6
CONTINUOUS
10
6.90974468503937
20
-3.0414727559055117
11
6.9046109055118112
21
-3.0449030314960628
0
LINE
8
F.Cu
6
CONTINUOUS
10
6.9046109055118112
20
-3.0449030314960628
11
6.898906614173228
21
-3.0472658267716533
0
LINE
8
F.Cu
6
CONTINUOUS
10
6.898906614173228
20
-3.0472658267716533
11
6.8928509448818893
21
-3.0484703937007875
0
LINE
8
F.Cu
6
CONTINUOUS
10
6.8928509448818893
20
-3.0484703937007875
11
6.8866766141732283
21
-3.0484703937007875
0
LINE
8
F.Cu
6
CONTINUOUS
10
6.8866766141732283
20
-3.0484703937007875
11
6.8806209448818896
21
-3.0472658267716533
0
LINE
8
F.Cu
6
CONTINUOUS
10
6.8806209448818896
20
-3.0472658267716533
11
6.8749166535433073
21
-3.0449030314960628
0
LINE
8
F.Cu
6
CONTINUOUS
10
6.8749166535433073
20
-3.0449030314960628
11
6.8697828740157476
21
-3.0414727559055117
0
LINE
8
F.Cu
6
CONTINUOUS
10
6.8697828740157476
20
-3.0414727559055117
11
6.865417007874016
21
-3.0371068897637796
0
LINE
8
F.Cu
6
CONTINUOUS
10
6.865417007874016
20
-3.0371068897637796
11
6.861986732283464
21
-3.0319731102362204
0
LINE
8
F.Cu
6
CONTINUOUS
10
6.861986732283464
20
-3.0319731102362204
11
6.859623937007874
21
-3.0262688188976377
0
LINE
8
F.Cu
6
CONTINUOUS
10
6.859623937007874
20
-3.0262688188976377
11
6.8584193700787397
21
-3.0202131496062989
0
LINE
8
F.Cu
6
CONTINUOUS
10
6.8584193700787397
20
-3.0202131496062989
11
6.8584193700787397
21
-3.0140388188976379
0
LINE
8
F.Cu
6
CONTINUOUS
10
6.8584193700787397
20
-3.0140388188976379
11
6.859623937007874
21
-3.0079831496062992
0
LINE
8
F.Cu
6
CONTINUOUS
10
6.859623937007874
20
-3.0079831496062992
11
6.861986732283464
21
-3.0022788582677165
0
LINE
8
F.Cu
6
CONTINUOUS
10
6.861986732283464
20
-3.0022788582677165
11
6.865417007874016
21
-2.9971450787401572
0
LINE
8
F.Cu
6
CONTINUOUS
10
6.865417007874016
20
-2.9971450787401572
11
6.8697828740157476
21
-2.9927792125984252
0
LINE
8
F.Cu
6
CONTINUOUS
10
6.8697828740157476
20
-2.9927792125984252
11
6.8749166535433073
21
-2.9893489370078741
0
LINE
8
F.Cu
6
CONTINUOUS
10
6.8749166535433073
20
-2.9893489370078741
11
6.8806209448818896
21
-2.9869861417322836
0
LINE
8
F.Cu
6
CONTINUOUS
10
6.8806209448818896
20
-2.9869861417322836
11
6.8866766141732283
21
-2.9857815748031493
0
LINE
8
F.Cu
6
CONTINUOUS
10
6.8866766141732283
20
-2.9857815748031493
11
6.8928509448818893
21
-2.9857815748031493
0
LINE
8
F.Cu
6
CONTINUOUS
10
6.8928509448818893
20
-2.9857815748031493
11
6.898906614173228
21
-2.9869861417322836
0
LINE
8
F.Cu
6
CONTINUOUS
10
5.7959538582677164
20
-2.7869861417322834
11
5.8016581496062987
21
-2.7893489370078739
0
LINE
8
F.Cu
6
CONTINUOUS
10
5.8016581496062987
20
-2.7893489370078739
11
5.8067919291338583
21
-2.792779212598425
0
LINE
8
F.Cu
6
CONTINUOUS
10
5.8067919291338583
20
-2.792779212598425
11
5.8111577952755908
21
-2.7971450787401575
0
LINE
8
F.Cu
6
CONTINUOUS
10
5.8111577952755908
20
-2.7971450787401575
11
5.8113554724409449
21
-2.7974409448818895
0
LINE
8
F.Cu
6
CONTINUOUS
10
5.8113554724409449
20
-2.7974409448818895
11
5.8683070866141733
21
-2.7974409448818895
0
LINE
8
F.Cu
6
CONTINUOUS
10
5.8683070866141733
20
-2.7974409448818895
11
5.8708759055118112
21
-2.7976093307086614
0
LINE
8
F.Cu
6
CONTINUOUS
10
5.8708759055118112
20
-2.7976093307086614
11
5.8708764960629916
21
-2.7976093307086614
0
LINE
8
F.Cu
6
CONTINUOUS
10
5.8708764960629916
20
-2.7976093307086614
11
5.8758402362204727
21
-2.7989393700787399
0
LINE
8
F.Cu
6
CONTINUOUS
10
5.8758402362204727
20
-2.7989393700787399
11
5.8802905905511809
21
-2.8015087795275591
0
LINE
8
F.Cu
6
CONTINUOUS
10
5.8802905905511809
20
-2.8015087795275591
11
5.8802911811023622
21
-2.8015093700787399
0
LINE
8
F.Cu
6
CONTINUOUS
10
5.8802911811023622
20
-2.8015093700787399
11
5.8822264960629917
21
-2.8032065748031494
0
LINE
8
F.Cu
6
CONTINUOUS
10
5.8822264960629917
20
-2.8032065748031494
11
6.0178564566929129
21
-2.9388364960629922
0
LINE
8
F.Cu
6
CONTINUOUS
10
6.0178564566929129
20
-2.9388364960629922
11
6.0195541732283466
21
-2.9407724409448819
0
LINE
8
F.Cu
6
CONTINUOUS
10
6.0195541732283466
20
-2.9407724409448819
11
6.0221236220472436
21
-2.9452227952755905
0
LINE
8
F.Cu
6
CONTINUOUS
10
6.0221236220472436
20
-2.9452227952755905
11
6.0234536614173226
21
-2.950186496062992
0
LINE
8
F.Cu
6
CONTINUOUS
10
6.0234536614173226
20
-2.950186496062992
11
6.0234536614173226
21
-2.9553253149606298
0
LINE
8
F.Cu
6
CONTINUOUS
10
6.0234536614173226
20
-2.9553253149606298
11
6.0221236220472436
21
-2.96028905511811
0
LINE
8
F.Cu
6
CONTINUOUS
10
6.0221236220472436
20
-2.96028905511811
11
6.0195541732283466
21
-2.9647394094488186
0
LINE
8
F.Cu
6
CONTINUOUS
10
6.0195541732283466
20
-2.9647394094488186
11
6.0159205118110233
21
-2.9683730708661415
0
LINE
8
F.Cu
6
CONTINUOUS
10
6.0159205118110233
20
-2.9683730708661415
11
6.0114701574803151
21
-2.9709425196850394
0
LINE
8
F.Cu
6
CONTINUOUS
10
6.0114701574803151
20
-2.9709425196850394
11
6.0065064173228349
21
-2.972272559055118
0
LINE
8
F.Cu
6
CONTINUOUS
10
6.0065064173228349
20
-2.972272559055118
11
6.0013675984251966
21
-2.972272559055118
0
LINE
8
F.Cu
6
CONTINUOUS
10
6.0013675984251966
20
-2.972272559055118
11
5.9964038976377951
21
-2.9709425196850394
0
LINE
8
F.Cu
6
CONTINUOUS
10
5.9964038976377951
20
-2.9709425196850394
11
5.9919535433070861
21
-2.9683730708661415
0
LINE
8
F.Cu
6
CONTINUOUS
10
5.9919535433070861
20
-2.9683730708661415
11
5.9900175984251964
21
-2.9666753543307087
0
LINE
8
F.Cu
6
CONTINUOUS
10
5.9900175984251964
20
-2.9666753543307087
11
5.8601533070866143
21
-2.8368110236220474
0
LINE
8
F.Cu
6
CONTINUOUS
10
5.8601533070866143
20
-2.8368110236220474
11
5.8113554724409449
21
-2.8368110236220474
0
LINE
8
F.Cu
6
CONTINUOUS
10
5.8113554724409449
20
-2.8368110236220474
11
5.8111577952755908
21
-2.8371068897637794
0
LINE
8
F.Cu
6
CONTINUOUS
10
5.8111577952755908
20
-2.8371068897637794
11
5.8067919291338583
21
-2.841472755905512
0
LINE
8
F.Cu
6
CONTINUOUS
10
5.8067919291338583
20
-2.841472755905512
11
5.8016581496062987
21
-2.8449030314960631
0
LINE
8
F.Cu
6
CONTINUOUS
10
5.8016581496062987
20
-2.8449030314960631
11
5.7959538582677164
21
-2.8472658267716535
0
LINE
8
F.Cu
6
CONTINUOUS
10
5.7959538582677164
20
-2.8472658267716535
11
5.7898981889763776
21
-2.8484703937007874
0
LINE
8
F.Cu
6
CONTINUOUS
10
5.7898981889763776
20
-2.8484703937007874
11
5.7837238582677166
21
-2.8484703937007874
0
LINE
8
F.Cu
6
CONTINUOUS
10
5.7837238582677166
20
-2.8484703937007874
11
5.7776681889763779
21
-2.8472658267716535
0
LINE
8
F.Cu
6
CONTINUOUS
10
5.7776681889763779
20
-2.8472658267716535
11
5.7719638976377947
21
-2.8449030314960631
0
LINE
8
F.Cu
6
CONTINUOUS
10
5.7719638976377947
20
-2.8449030314960631
11
5.7668301181102359
21
-2.841472755905512
0
LINE
8
F.Cu
6
CONTINUOUS
10
5.7668301181102359
20
-2.841472755905512
11
5.7624642519685034
21
-2.8371068897637794
0
LINE
8
F.Cu
6
CONTINUOUS
10
5.7624642519685034
20
-2.8371068897637794
11
5.7590339763779523
21
-2.8319731102362202
0
LINE
8
F.Cu
6
CONTINUOUS
10
5.7590339763779523
20
-2.8319731102362202
11
5.7566711811023623
21
-2.8262688188976379
0
LINE
8
F.Cu
6
CONTINUOUS
10
5.7566711811023623
20
-2.8262688188976379
11
5.755466614173228
21
-2.8202131496062992
0
LINE
8
F.Cu
6
CONTINUOUS
10
5.755466614173228
20
-2.8202131496062992
11
5.755466614173228
21
-2.8140388188976377
0
LINE
8
F.Cu
6
CONTINUOUS
10
5.755466614173228
20
-2.8140388188976377
11
5.7566711811023623
21
-2.807983149606299
0
LINE
8
F.Cu
6
CONTINUOUS
10
5.7566711811023623
20
-2.807983149606299
11
5.7590339763779523
21
-2.8022788582677163
0
LINE
8
F.Cu
6
CONTINUOUS
10
5.7590339763779523
20
-2.8022788582677163
11
5.7624642519685034
21
-2.7971450787401575
0
LINE
8
F.Cu
6
CONTINUOUS
10
5.7624642519685034
20
-2.7971450787401575
11
5.7668301181102359
21
-2.792779212598425
0
LINE
8
F.Cu
6
CONTINUOUS
10
5.7668301181102359
20
-2.792779212598425
11
5.7719638976377947
21
-2.7893489370078739
0
LINE
8
F.Cu
6
CONTINUOUS
10
5.7719638976377947
20
-2.7893489370078739
11
5.7776681889763779
21
-2.7869861417322834
0
LINE
8
F.Cu
6
CONTINUOUS
10
5.7776681889763779
20
-2.7869861417322834
11
5.7837238582677166
21
-2.7857815748031496
0
LINE
8
F.Cu
6
CONTINUOUS
10
5.7837238582677166
20
-2.7857815748031496
11
5.7898981889763776
21
-2.7857815748031496
0
LINE
8
F.Cu
6
CONTINUOUS
10
5.7898981889763776
20
-2.7857815748031496
11
5.7959538582677164
21
-2.7869861417322834
0
LINE
8
F.Cu
6
CONTINUOUS
10
4.5367018897637799
20
-2.8869861417322835
11
4.5424061811023622
21
-2.889348937007874
0
LINE
8
F.Cu
6
CONTINUOUS
10
4.5424061811023622
20
-2.889348937007874
11
4.5475399606299209
21
-2.8927792125984251
0
LINE
8
F.Cu
6
CONTINUOUS
10
4.5475399606299209
20
-2.8927792125984251
11
4.5519058267716535
21
-2.8971450787401576
0
LINE
8
F.Cu
6
CONTINUOUS
10
4.5519058267716535
20
-2.8971450787401576
11
4.5553361023622045
21
-2.9022788582677164
0
LINE
8
F.Cu
6
CONTINUOUS
10
4.5553361023622045
20
-2.9022788582677164
11
4.5576988976377955
21
-2.9079831496062991
0
LINE
8
F.Cu
6
CONTINUOUS
10
4.5576988976377955
20
-2.9079831496062991
11
4.5589034645669289
21
-2.9140388188976378
0
LINE
8
F.Cu
6
CONTINUOUS
10
4.5589034645669289
20
-2.9140388188976378
11
4.5589034645669289
21
-2.9202131496062993
0
LINE
8
F.Cu
6
CONTINUOUS
10
4.5589034645669289
20
-2.9202131496062993
11
4.5576988976377955
21
-2.9262688188976376
0
LINE
8
F.Cu
6
CONTINUOUS
10
4.5576988976377955
20
-2.9262688188976376
11
4.5553361023622045
21
-2.9319731102362203
0
LINE
8
F.Cu
6
CONTINUOUS
10
4.5553361023622045
20
-2.9319731102362203
11
4.5519058267716535
21
-2.9371068897637795
0
LINE
8
F.Cu
6
CONTINUOUS
10
4.5519058267716535
20
-2.9371068897637795
11
4.5475399606299209
21
-2.9414727559055116
0
LINE
8
F.Cu
6
CONTINUOUS
10
4.5475399606299209
20
-2.9414727559055116
11
4.5424061811023622
21
-2.9449030314960631
0
LINE
8
F.Cu
6
CONTINUOUS
10
4.5424061811023622
20
-2.9449030314960631
11
4.5367018897637799
21
-2.9472658267716536
0
LINE
8
F.Cu
6
CONTINUOUS
10
4.5367018897637799
20
-2.9472658267716536
11
4.5306462204724411
21
-2.9484703937007875
0
LINE
8
F.Cu
6
CONTINUOUS
10
4.5306462204724411
20
-2.9484703937007875
11
4.5244718897637792
21
-2.9484703937007875
0
LINE
8
F.Cu
6
CONTINUOUS
10
4.5244718897637792
20
-2.9484703937007875
11
4.5184162204724405
21
-2.9472658267716536
0
LINE
8
F.Cu
6
CONTINUOUS
10
4.5184162204724405
20
-2.9472658267716536
11
4.5127119291338582
21
-2.9449030314960631
0
LINE
8
F.Cu
6
CONTINUOUS
10
4.5127119291338582
20
-2.9449030314960631
11
4.5075781496062994
21
-2.9414727559055116
0
LINE
8
F.Cu
6
CONTINUOUS
10
4.5075781496062994
20
-2.9414727559055116
11
4.5032122834645669
21
-2.9371068897637795
0
LINE
8
F.Cu
6
CONTINUOUS
10
4.5032122834645669
20
-2.9371068897637795
11
4.4997820078740158
21
-2.9319731102362203
0
LINE
8
F.Cu
6
CONTINUOUS
10
4.4997820078740158
20
-2.9319731102362203
11
4.4974192125984249
21
-2.9262688188976376
0
LINE
8
F.Cu
6
CONTINUOUS
10
4.4974192125984249
20
-2.9262688188976376
11
4.4962146456692915
21
-2.9202131496062993
0
LINE
8
F.Cu
6
CONTINUOUS
10
4.4962146456692915
20
-2.9202131496062993
11
4.4962146456692915
21
-2.9140388188976378
0
LINE
8
F.Cu
6
CONTINUOUS
10
4.4962146456692915
20
-2.9140388188976378
11
4.4974192125984249
21
-2.9079831496062991
0
LINE
8
F.Cu
6
CONTINUOUS
10
4.4974192125984249
20
-2.9079831496062991
11
4.4997820078740158
21
-2.9022788582677164
0
LINE
8
F.Cu
6
CONTINUOUS
10
4.4997820078740158
20
-2.9022788582677164
11
4.5032122834645669
21
-2.8971450787401576
0
LINE
8
F.Cu
6
CONTINUOUS
10
4.5032122834645669
20
-2.8971450787401576
11
4.5075781496062994
21
-2.8927792125984251
0
LINE
8
F.Cu
6
CONTINUOUS
10
4.5075781496062994
20
-2.8927792125984251
11
4.5127119291338582
21
-2.889348937007874
0
LINE
8
F.Cu
6
CONTINUOUS
10
4.5127119291338582
20
-2.889348937007874
11
4.5184162204724405
21
-2.8869861417322835
0
LINE
8
F.Cu
6
CONTINUOUS
10
4.5184162204724405
20
-2.8869861417322835
11
4.5244718897637792
21
-2.8857815748031497
0
LINE
8
F.Cu
6
CONTINUOUS
10
4.5244718897637792
20
-2.8857815748031497
11
4.5306462204724411
21
-2.8857815748031497
0
LINE
8
F.Cu
6
CONTINUOUS
10
4.5306462204724411
20
-2.8857815748031497
11
4.5367018897637799
21
-2.8869861417322835
0
LINE
8
F.Cu
6
CONTINUOUS
10
4.8367018897637797
20
-2.8869861417322835
11
4.842406181102362
21
-2.889348937007874
0
LINE
8
F.Cu
6
CONTINUOUS
10
4.842406181102362
20
-2.889348937007874
11
4.8475399606299208
21
-2.8927792125984251
0
LINE
8
F.Cu
6
CONTINUOUS
10
4.8475399606299208
20
-2.8927792125984251
11
4.8519058267716533
21
-2.8971450787401576
0
LINE
8
F.Cu
6
CONTINUOUS
10
4.8519058267716533
20
-2.8971450787401576
11
4.8553361023622044
21
-2.9022788582677164
0
LINE
8
F.Cu
6
CONTINUOUS
10
4.8553361023622044
20
-2.9022788582677164
11
4.8576988976377953
21
-2.9079831496062991
0
LINE
8
F.Cu
6
CONTINUOUS
10
4.8576988976377953
20
-2.9079831496062991
11
4.8589034645669287
21
-2.9140388188976378
0
LINE
8
F.Cu
6
CONTINUOUS
10
4.8589034645669287
20
-2.9140388188976378
11
4.8589034645669287
21
-2.9202131496062993
0
LINE
8
F.Cu
6
CONTINUOUS
10
4.8589034645669287
20
-2.9202131496062993
11
4.8576988976377953
21
-2.9262688188976376
0
LINE
8
F.Cu
6
CONTINUOUS
10
4.8576988976377953
20
-2.9262688188976376
11
4.8553361023622044
21
-2.9319731102362203
0
LINE
8
F.Cu
6
CONTINUOUS
10
4.8553361023622044
20
-2.9319731102362203
11
4.8519058267716533
21
-2.9371068897637795
0
LINE
8
F.Cu
6
CONTINUOUS
10
4.8519058267716533
20
-2.9371068897637795
11
4.8475399606299208
21
-2.9414727559055116
0
LINE
8
F.Cu
6
CONTINUOUS
10
4.8475399606299208
20
-2.9414727559055116
11
4.842406181102362
21
-2.9449030314960631
0
LINE
8
F.Cu
6
CONTINUOUS
10
4.842406181102362
20
-2.9449030314960631
11
4.8367018897637797
21
-2.9472658267716536
0
LINE
8
F.Cu
6
CONTINUOUS
10
4.8367018897637797
20
-2.9472658267716536
11
4.830646220472441
21
-2.9484703937007875
0
LINE
8
F.Cu
6
CONTINUOUS
10
4.830646220472441
20
-2.9484703937007875
11
4.8244718897637791
21
-2.9484703937007875
0
LINE
8
F.Cu
6
CONTINUOUS
10
4.8244718897637791
20
-2.9484703937007875
11
4.8184162204724412
21
-2.9472658267716536
0
LINE
8
F.Cu
6
CONTINUOUS
10
4.8184162204724412
20
-2.9472658267716536
11
4.812711929133858
21
-2.9449030314960631
0
LINE
8
F.Cu
6
CONTINUOUS
10
4.812711929133858
20
-2.9449030314960631
11
4.8075781496062993
21
-2.9414727559055116
0
LINE
8
F.Cu
6
CONTINUOUS
10
4.8075781496062993
20
-2.9414727559055116
11
4.8032122834645667
21
-2.9371068897637795
0
LINE
8
F.Cu
6
CONTINUOUS
10
4.8032122834645667
20
-2.9371068897637795
11
4.7997820078740157
21
-2.9319731102362203
0
LINE
8
F.Cu
6
CONTINUOUS
10
4.7997820078740157
20
-2.9319731102362203
11
4.7974192125984247
21
-2.9262688188976376
0
LINE
8
F.Cu
6
CONTINUOUS
10
4.7974192125984247
20
-2.9262688188976376
11
4.7962146456692913
21
-2.9202131496062993
0
LINE
8
F.Cu
6
CONTINUOUS
10
4.7962146456692913
20
-2.9202131496062993
11
4.7962146456692913
21
-2.9140388188976378
0
LINE
8
F.Cu
6
CONTINUOUS
10
4.7962146456692913
20
-2.9140388188976378
11
4.7974192125984247
21
-2.9079831496062991
0
LINE
8
F.Cu
6
CONTINUOUS
10
4.7974192125984247
20
-2.9079831496062991
11
4.7997820078740157
21
-2.9022788582677164
0
LINE
8
F.Cu
6
CONTINUOUS
10
4.7997820078740157
20
-2.9022788582677164
11
4.8032122834645667
21
-2.8971450787401576
0
LINE
8
F.Cu
6
CONTINUOUS
10
4.8032122834645667
20
-2.8971450787401576
11
4.8075781496062993
21
-2.8927792125984251
0
LINE
8
F.Cu
6
CONTINUOUS
10
4.8075781496062993
20
-2.8927792125984251
11
4.812711929133858
21
-2.889348937007874
0
LINE
8
F.Cu
6
CONTINUOUS
10
4.812711929133858
20
-2.889348937007874
11
4.8184162204724412
21
-2.8869861417322835
0
LINE
8
F.Cu
6
CONTINUOUS
10
4.8184162204724412
20
-2.8869861417322835
11
4.8244718897637791
21
-2.8857815748031497
0
LINE
8
F.Cu
6
CONTINUOUS
10
4.8244718897637791
20
-2.8857815748031497
11
4.830646220472441
21
-2.8857815748031497
0
LINE
8
F.Cu
6
CONTINUOUS
10
4.830646220472441
20
-2.8857815748031497
11
4.8367018897637797
21
-2.8869861417322835
0
LINE
8
F.Cu
6
CONTINUOUS
10
5.4959538582677165
20
-2.8869861417322835
11
5.5016581496062988
21
-2.889348937007874
0
LINE
8
F.Cu
6
CONTINUOUS
10
5.5016581496062988
20
-2.889348937007874
11
5.5067919291338585
21
-2.8927792125984251
0
LINE
8
F.Cu
6
CONTINUOUS
10
5.5067919291338585
20
-2.8927792125984251
11
5.5111577952755901
21
-2.8971450787401576
0
LINE
8
F.Cu
6
CONTINUOUS
10
5.5111577952755901
20
-2.8971450787401576
11
5.5145880708661412
21
-2.9022788582677164
0
LINE
8
F.Cu
6
CONTINUOUS
10
5.5145880708661412
20
-2.9022788582677164
11
5.5169508661417321
21
-2.9079831496062991
0
LINE
8
F.Cu
6
CONTINUOUS
10
5.5169508661417321
20
-2.9079831496062991
11
5.5181554330708664
21
-2.9140388188976378
0
LINE
8
F.Cu
6
CONTINUOUS
10
5.5181554330708664
20
-2.9140388188976378
11
5.5181554330708664
21
-2.9202131496062993
0
LINE
8
F.Cu
6
CONTINUOUS
10
5.5181554330708664
20
-2.9202131496062993
11
5.5169508661417321
21
-2.9262688188976376
0
LINE
8
F.Cu
6
CONTINUOUS
10
5.5169508661417321
20
-2.9262688188976376
11
5.5145880708661412
21
-2.9319731102362203
0
LINE
8
F.Cu
6
CONTINUOUS
10
5.5145880708661412
20
-2.9319731102362203
11
5.5111577952755901
21
-2.9371068897637795
0
LINE
8
F.Cu
6
CONTINUOUS
10
5.5111577952755901
20
-2.9371068897637795
11
5.5067919291338585
21
-2.9414727559055116
0
LINE
8
F.Cu
6
CONTINUOUS
10
5.5067919291338585
20
-2.9414727559055116
11
5.5016581496062988
21
-2.9449030314960631
0
LINE
8
F.Cu
6
CONTINUOUS
10
5.5016581496062988
20
-2.9449030314960631
11
5.4959538582677165
21
-2.9472658267716536
0
LINE
8
F.Cu
6
CONTINUOUS
10
5.4959538582677165
20
-2.9472658267716536
11
5.4898981889763778
21
-2.9484703937007875
0
LINE
8
F.Cu
6
CONTINUOUS
10
5.4898981889763778
20
-2.9484703937007875
11
5.4837238582677168
21
-2.9484703937007875
0
LINE
8
F.Cu
6
CONTINUOUS
10
5.4837238582677168
20
-2.9484703937007875
11
5.4776681889763781
21
-2.9472658267716536
0
LINE
8
F.Cu
6
CONTINUOUS
10
5.4776681889763781
20
-2.9472658267716536
11
5.4719638976377949
21
-2.9449030314960631
0
LINE
8
F.Cu
6
CONTINUOUS
10
5.4719638976377949
20
-2.9449030314960631
11
5.4668301181102361
21
-2.9414727559055116
0
LINE
8
F.Cu
6
CONTINUOUS
10
5.4668301181102361
20
-2.9414727559055116
11
5.4624642519685036
21
-2.9371068897637795
0
LINE
8
F.Cu
6
CONTINUOUS
10
5.4624642519685036
20
-2.9371068897637795
11
5.4590339763779525
21
-2.9319731102362203
0
LINE
8
F.Cu
6
CONTINUOUS
10
5.4590339763779525
20
-2.9319731102362203
11
5.4566711811023625
21
-2.9262688188976376
0
LINE
8
F.Cu
6
CONTINUOUS
10
5.4566711811023625
20
-2.9262688188976376
11
5.4554666141732282
21
-2.9202131496062993
0
LINE
8
F.Cu
6
CONTINUOUS
10
5.4554666141732282
20
-2.9202131496062993
11
5.4554666141732282
21
-2.9140388188976378
0
LINE
8
F.Cu
6
CONTINUOUS
10
5.4554666141732282
20
-2.9140388188976378
11
5.4566711811023625
21
-2.9079831496062991
0
LINE
8
F.Cu
6
CONTINUOUS
10
5.4566711811023625
20
-2.9079831496062991
11
5.4590339763779525
21
-2.9022788582677164
0
LINE
8
F.Cu
6
CONTINUOUS
10
5.4590339763779525
20
-2.9022788582677164
11
5.4624642519685036
21
-2.8971450787401576
0
LINE
8
F.Cu
6
CONTINUOUS
10
5.4624642519685036
20
-2.8971450787401576
11
5.4668301181102361
21
-2.8927792125984251
0
LINE
8
F.Cu
6
CONTINUOUS
10
5.4668301181102361
20
-2.8927792125984251
11
5.4719638976377949
21
-2.889348937007874
0
LINE
8
F.Cu
6
CONTINUOUS
10
5.4719638976377949
20
-2.889348937007874
11
5.4776681889763781
21
-2.8869861417322835
0
LINE
8
F.Cu
6
CONTINUOUS
10
5.4776681889763781
20
-2.8869861417322835
11
5.4837238582677168
21
-2.8857815748031497
0
LINE
8
F.Cu
6
CONTINUOUS
10
5.4837238582677168
20
-2.8857815748031497
11
5.4898981889763778
21
-2.8857815748031497
0
LINE
8
F.Cu
6
CONTINUOUS
10
5.4898981889763778
20
-2.8857815748031497
11
5.4959538582677165
21
-2.8869861417322835
0
LINE
8
F.Cu
6
CONTINUOUS
10
5.7959538582677164
20
-2.8869861417322835
11
5.8016581496062987
21
-2.889348937007874
0
LINE
8
F.Cu
6
CONTINUOUS
10
5.8016581496062987
20
-2.889348937007874
11
5.8067919291338583
21
-2.8927792125984251
0
LINE
8
F.Cu
6
CONTINUOUS
10
5.8067919291338583
20
-2.8927792125984251
11
5.8111577952755908
21
-2.8971450787401576
0
LINE
8
F.Cu
6
CONTINUOUS
10
5.8111577952755908
20
-2.8971450787401576
11
5.8145880708661419
21
-2.9022788582677164
0
LINE
8
F.Cu
6
CONTINUOUS
10
5.8145880708661419
20
-2.9022788582677164
11
5.816950866141732
21
-2.9079831496062991
0
LINE
8
F.Cu
6
CONTINUOUS
10
5.816950866141732
20
-2.9079831496062991
11
5.8181554330708662
21
-2.9140388188976378
0
LINE
8
F.Cu
6
CONTINUOUS
10
5.8181554330708662
20
-2.9140388188976378
11
5.8181554330708662
21
-2.9202131496062993
0
LINE
8
F.Cu
6
CONTINUOUS
10
5.8181554330708662
20
-2.9202131496062993
11
5.816950866141732
21
-2.9262688188976376
0
LINE
8
F.Cu
6
CONTINUOUS
10
5.816950866141732
20
-2.9262688188976376
11
5.8145880708661419
21
-2.9319731102362203
0
LINE
8
F.Cu
6
CONTINUOUS
10
5.8145880708661419
20
-2.9319731102362203
11
5.8111577952755908
21
-2.9371068897637795
0
LINE
8
F.Cu
6
CONTINUOUS
10
5.8111577952755908
20
-2.9371068897637795
11
5.8067919291338583
21
-2.9414727559055116
0
LINE
8
F.Cu
6
CONTINUOUS
10
5.8067919291338583
20
-2.9414727559055116
11
5.8016581496062987
21
-2.9449030314960631
0
LINE
8
F.Cu
6
CONTINUOUS
10
5.8016581496062987
20
-2.9449030314960631
11
5.7959538582677164
21
-2.9472658267716536
0
LINE
8
F.Cu
6
CONTINUOUS
10
5.7959538582677164
20
-2.9472658267716536
11
5.7898981889763776
21
-2.9484703937007875
0
LINE
8
F.Cu
6
CONTINUOUS
10
5.7898981889763776
20
-2.9484703937007875
11
5.7837238582677166
21
-2.9484703937007875
0
LINE
8
F.Cu
6
CONTINUOUS
10
5.7837238582677166
20
-2.9484703937007875
11
5.7776681889763779
21
-2.9472658267716536
0
LINE
8
F.Cu
6
CONTINUOUS
10
5.7776681889763779
20
-2.9472658267716536
11
5.7719638976377947
21
-2.9449030314960631
0
LINE
8
F.Cu
6
CONTINUOUS
10
5.7719638976377947
20
-2.9449030314960631
11
5.7668301181102359
21
-2.9414727559055116
0
LINE
8
F.Cu
6
CONTINUOUS
10
5.7668301181102359
20
-2.9414727559055116
11
5.7624642519685034
21
-2.9371068897637795
0
LINE
8
F.Cu
6
CONTINUOUS
10
5.7624642519685034
20
-2.9371068897637795
11
5.7590339763779523
21
-2.9319731102362203
0
LINE
8
F.Cu
6
CONTINUOUS
10
5.7590339763779523
20
-2.9319731102362203
11
5.7566711811023623
21
-2.9262688188976376
0
LINE
8
F.Cu
6
CONTINUOUS
10
5.7566711811023623
20
-2.9262688188976376
11
5.755466614173228
21
-2.9202131496062993
0
LINE
8
F.Cu
6
CONTINUOUS
10
5.755466614173228
20
-2.9202131496062993
11
5.755466614173228
21
-2.9140388188976378
0
LINE
8
F.Cu
6
CONTINUOUS
10
5.755466614173228
20
-2.9140388188976378
11
5.7566711811023623
21
-2.9079831496062991
0
LINE
8
F.Cu
6
CONTINUOUS
10
5.7566711811023623
20
-2.9079831496062991
11
5.7590339763779523
21
-2.9022788582677164
0
LINE
8
F.Cu
6
CONTINUOUS
10
5.7590339763779523
20
-2.9022788582677164
11
5.7624642519685034
21
-2.8971450787401576
0
LINE
8
F.Cu
6
CONTINUOUS
10
5.7624642519685034
20
-2.8971450787401576
11
5.7668301181102359
21
-2.8927792125984251
0
LINE
8
F.Cu
6
CONTINUOUS
10
5.7668301181102359
20
-2.8927792125984251
11
5.7719638976377947
21
-2.889348937007874
0
LINE
8
F.Cu
6
CONTINUOUS
10
5.7719638976377947
20
-2.889348937007874
11
5.7776681889763779
21
-2.8869861417322835
0
LINE
8
F.Cu
6
CONTINUOUS
10
5.7776681889763779
20
-2.8869861417322835
11
5.7837238582677166
21
-2.8857815748031497
0
LINE
8
F.Cu
6
CONTINUOUS
10
5.7837238582677166
20
-2.8857815748031497
11
5.7898981889763776
21
-2.8857815748031497
0
LINE
8
F.Cu
6
CONTINUOUS
10
5.7898981889763776
20
-2.8857815748031497
11
5.7959538582677164
21
-2.8869861417322835
0
LINE
8
F.Cu
6
CONTINUOUS
10
6.898906614173228
20
-2.8869861417322835
11
6.9046109055118112
21
-2.889348937007874
0
LINE
8
F.Cu
6
CONTINUOUS
10
6.9046109055118112
20
-2.889348937007874
11
6.90974468503937
21
-2.8927792125984251
0
LINE
8
F.Cu
6
CONTINUOUS
10
6.90974468503937
20
-2.8927792125984251
11
6.9141105511811025
21
-2.8971450787401576
0
LINE
8
F.Cu
6
CONTINUOUS
10
6.9141105511811025
20
-2.8971450787401576
11
6.9175408267716536
21
-2.9022788582677164
0
LINE
8
F.Cu
6
CONTINUOUS
10
6.9175408267716536
20
-2.9022788582677164
11
6.9199036220472436
21
-2.9079831496062991
0
LINE
8
F.Cu
6
CONTINUOUS
10
6.9199036220472436
20
-2.9079831496062991
11
6.9211081889763779
21
-2.9140388188976378
0
LINE
8
F.Cu
6
CONTINUOUS
10
6.9211081889763779
20
-2.9140388188976378
11
6.9211081889763779
21
-2.9202131496062993
0
LINE
8
F.Cu
6
CONTINUOUS
10
6.9211081889763779
20
-2.9202131496062993
11
6.9199036220472436
21
-2.9262688188976376
0
LINE
8
F.Cu
6
CONTINUOUS
10
6.9199036220472436
20
-2.9262688188976376
11
6.9175408267716536
21
-2.9319731102362203
0
LINE
8
F.Cu
6
CONTINUOUS
10
6.9175408267716536
20
-2.9319731102362203
11
6.9141105511811025
21
-2.9371068897637795
0
LINE
8
F.Cu
6
CONTINUOUS
10
6.9141105511811025
20
-2.9371068897637795
11
6.90974468503937
21
-2.9414727559055116
0
LINE
8
F.Cu
6
CONTINUOUS
10
6.90974468503937
20
-2.9414727559055116
11
6.9046109055118112
21
-2.9449030314960631
0
LINE
8
F.Cu
6
CONTINUOUS
10
6.9046109055118112
20
-2.9449030314960631
11
6.898906614173228
21
-2.9472658267716536
0
LINE
8
F.Cu
6
CONTINUOUS
10
6.898906614173228
20
-2.9472658267716536
11
6.8928509448818893
21
-2.9484703937007875
0
LINE
8
F.Cu
6
CONTINUOUS
10
6.8928509448818893
20
-2.9484703937007875
11
6.8866766141732283
21
-2.9484703937007875
0
LINE
8
F.Cu
6
CONTINUOUS
10
6.8866766141732283
20
-2.9484703937007875
11
6.8806209448818896
21
-2.9472658267716536
0
LINE
8
F.Cu
6
CONTINUOUS
10
6.8806209448818896
20
-2.9472658267716536
11
6.8749166535433073
21
-2.9449030314960631
0
LINE
8
F.Cu
6
CONTINUOUS
10
6.8749166535433073
20
-2.9449030314960631
11
6.8697828740157476
21
-2.9414727559055116
0
LINE
8
F.Cu
6
CONTINUOUS
10
6.8697828740157476
20
-2.9414727559055116
11
6.865417007874016
21
-2.9371068897637795
0
LINE
8
F.Cu
6
CONTINUOUS
10
6.865417007874016
20
-2.9371068897637795
11
6.861986732283464
21
-2.9319731102362203
0
LINE
8
F.Cu
6
CONTINUOUS
10
6.861986732283464
20
-2.9319731102362203
11
6.859623937007874
21
-2.9262688188976376
0
LINE
8
F.Cu
6
CONTINUOUS
10
6.859623937007874
20
-2.9262688188976376
11
6.8584193700787397
21
-2.9202131496062993
0
LINE
8
F.Cu
6
CONTINUOUS
10
6.8584193700787397
20
-2.9202131496062993
11
6.8584193700787397
21
-2.9140388188976378
0
LINE
8
F.Cu
6
CONTINUOUS
10
6.8584193700787397
20
-2.9140388188976378
11
6.859623937007874
21
-2.9079831496062991
0
LINE
8
F.Cu
6
CONTINUOUS
10
6.859623937007874
20
-2.9079831496062991
11
6.861986732283464
21
-2.9022788582677164
0
LINE
8
F.Cu
6
CONTINUOUS
10
6.861986732283464
20
-2.9022788582677164
11
6.865417007874016
21
-2.8971450787401576
0
LINE
8
F.Cu
6
CONTINUOUS
10
6.865417007874016
20
-2.8971450787401576
11
6.8697828740157476
21
-2.8927792125984251
0
LINE
8
F.Cu
6
CONTINUOUS
10
6.8697828740157476
20
-2.8927792125984251
11
6.8749166535433073
21
-2.889348937007874
0
LINE
8
F.Cu
6
CONTINUOUS
10
6.8749166535433073
20
-2.889348937007874
11
6.8806209448818896
21
-2.8869861417322835
0
LINE
8
F.Cu
6
CONTINUOUS
10
6.8806209448818896
20
-2.8869861417322835
11
6.8866766141732283
21
-2.8857815748031497
0
LINE
8
F.Cu
6
CONTINUOUS
10
6.8866766141732283
20
-2.8857815748031497
11
6.8928509448818893
21
-2.8857815748031497
0
LINE
8
F.Cu
6
CONTINUOUS
10
6.8928509448818893
20
-2.8857815748031497
11
6.898906614173228
21
-2.8869861417322835
0
LINE
8
F.Cu
6
CONTINUOUS
10
4.552979173228346
20
-2.7863791338582677
11
4.5561723228346453
21
-2.7885127165354331
0
LINE
8
F.Cu
6
CONTINUOUS
10
4.5561723228346453
20
-2.7885127165354331
11
4.5583059055118111
21
-2.7917058661417324
0
LINE
8
F.Cu
6
CONTINUOUS
10
4.5583059055118111
20
-2.7917058661417324
11
4.5590551181102361
21
-2.7954724409448817
0
LINE
8
F.Cu
6
CONTINUOUS
10
4.5590551181102361
20
-2.7954724409448817
11
4.5590551181102361
21
-2.8387795275590553
0
LINE
8
F.Cu
6
CONTINUOUS
10
4.5590551181102361
20
-2.8387795275590553
11
4.5583059055118111
21
-2.8425461023622045
0
LINE
8
F.Cu
6
CONTINUOUS
10
4.5583059055118111
20
-2.8425461023622045
11
4.5561723228346453
21
-2.8457392519685039
0
LINE
8
F.Cu
6
CONTINUOUS
10
4.5561723228346453
20
-2.8457392519685039
11
4.552979173228346
21
-2.8478728346456692
0
LINE
8
F.Cu
6
CONTINUOUS
10
4.552979173228346
20
-2.8478728346456692
11
4.5492125984251963
21
-2.8486220472440946
0
LINE
8
F.Cu
6
CONTINUOUS
10
4.5492125984251963
20
-2.8486220472440946
11
4.5059055118110232
21
-2.8486220472440946
0
LINE
8
F.Cu
6
CONTINUOUS
10
4.5059055118110232
20
-2.8486220472440946
11
4.5021389370078735
21
-2.8478728346456692
0
LINE
8
F.Cu
6
CONTINUOUS
10
4.5021389370078735
20
-2.8478728346456692
11
4.498945787401575
21
-2.8457392519685039
0
LINE
8
F.Cu
6
CONTINUOUS
10
4.498945787401575
20
-2.8457392519685039
11
4.4968122047244092
21
-2.8425461023622045
0
LINE
8
F.Cu
6
CONTINUOUS
10
4.4968122047244092
20
-2.8425461023622045
11
4.4960629921259843
21
-2.8387795275590553
0
LINE
8
F.Cu
6
CONTINUOUS
10
4.4960629921259843
20
-2.8387795275590553
11
4.4960629921259843
21
-2.7954724409448817
0
LINE
8
F.Cu
6
CONTINUOUS
10
4.4960629921259843
20
-2.7954724409448817
11
4.4968122047244092
21
-2.7917058661417324
0
LINE
8
F.Cu
6
CONTINUOUS
10
4.4968122047244092
20
-2.7917058661417324
11
4.498945787401575
21
-2.7885127165354331
0
LINE
8
F.Cu
6
CONTINUOUS
10
4.498945787401575
20
-2.7885127165354331
11
4.5021389370078735
21
-2.7863791338582677
0
LINE
8
F.Cu
6
CONTINUOUS
10
4.5021389370078735
20
-2.7863791338582677
11
4.5059055118110232
21
-2.7856299212598423
0
LINE
8
F.Cu
6
CONTINUOUS
10
4.5059055118110232
20
-2.7856299212598423
11
4.5492125984251963
21
-2.7856299212598423
0
LINE
8
F.Cu
6
CONTINUOUS
10
4.5492125984251963
20
-2.7856299212598423
11
4.552979173228346
21
-2.7863791338582677
0
LINE
8
F.Cu
6
CONTINUOUS
10
5.5122311417322836
20
-2.7863791338582677
11
5.5154242913385829
21
-2.7885127165354331
0
LINE
8
F.Cu
6
CONTINUOUS
10
5.5154242913385829
20
-2.7885127165354331
11
5.5175578740157478
21
-2.7917058661417324
0
LINE
8
F.Cu
6
CONTINUOUS
10
5.5175578740157478
20
-2.7917058661417324
11
5.5183070866141728
21
-2.7954724409448817
0
LINE
8
F.Cu
6
CONTINUOUS
10
5.5183070866141728
20
-2.7954724409448817
11
5.5183070866141728
21
-2.8387795275590553
0
LINE
8
F.Cu
6
CONTINUOUS
10
5.5183070866141728
20
-2.8387795275590553
11
5.5175578740157478
21
-2.8425461023622045
0
LINE
8
F.Cu
6
CONTINUOUS
10
5.5175578740157478
20
-2.8425461023622045
11
5.5154242913385829
21
-2.8457392519685039
0
LINE
8
F.Cu
6
CONTINUOUS
10
5.5154242913385829
20
-2.8457392519685039
11
5.5122311417322836
21
-2.8478728346456692
0
LINE
8
F.Cu
6
CONTINUOUS
10
5.5122311417322836
20
-2.8478728346456692
11
5.5084645669291339
21
-2.8486220472440946
0
LINE
8
F.Cu
6
CONTINUOUS
10
5.5084645669291339
20
-2.8486220472440946
11
5.4651574803149607
21
-2.8486220472440946
0
LINE
8
F.Cu
6
CONTINUOUS
10
5.4651574803149607
20
-2.8486220472440946
11
5.4613909055118111
21
-2.8478728346456692
0
LINE
8
F.Cu
6
CONTINUOUS
10
5.4613909055118111
20
-2.8478728346456692
11
5.4581977559055117
21
-2.8457392519685039
0
LINE
8
F.Cu
6
CONTINUOUS
10
5.4581977559055117
20
-2.8457392519685039
11
5.4560641732283459
21
-2.8425461023622045
0
LINE
8
F.Cu
6
CONTINUOUS
10
5.4560641732283459
20
-2.8425461023622045
11
5.4553149606299209
21
-2.8387795275590553
0
LINE
8
F.Cu
6
CONTINUOUS
10
5.4553149606299209
20
-2.8387795275590553
11
5.4553149606299209
21
-2.7954724409448817
0
LINE
8
F.Cu
6
CONTINUOUS
10
5.4553149606299209
20
-2.7954724409448817
11
5.4560641732283459
21
-2.7917058661417324
0
LINE
8
F.Cu
6
CONTINUOUS
10
5.4560641732283459
20
-2.7917058661417324
11
5.4581977559055117
21
-2.7885127165354331
0
LINE
8
F.Cu
6
CONTINUOUS
10
5.4581977559055117
20
-2.7885127165354331
11
5.4613909055118111
21
-2.7863791338582677
0
LINE
8
F.Cu
6
CONTINUOUS
10
5.4613909055118111
20
-2.7863791338582677
11
5.4651574803149607
21
-2.7856299212598423
0
LINE
8
F.Cu
6
CONTINUOUS
10
5.4651574803149607
20
-2.7856299212598423
11
5.5084645669291339
21
-2.7856299212598423
0
LINE
8
F.Cu
6
CONTINUOUS
10
5.5084645669291339
20
-2.7856299212598423
11
5.5122311417322836
21
-2.7863791338582677
0
LINE
8
F.Cu
6
CONTINUOUS
10
6.7939074015748027
20
-2.3426880708661417
11
6.793907992125984
21
-2.3426880708661417
0
LINE
8
F.Cu
6
CONTINUOUS
10
6.793907992125984
20
-2.3426880708661417
11
6.7988717322834642
21
-2.3440181102362203
0
LINE
8
F.Cu
6
CONTINUOUS
10
6.7988717322834642
20
-2.3440181102362203
11
6.8033220866141733
21
-2.3465875196850394
0
LINE
8
F.Cu
6
CONTINUOUS
10
6.8033220866141733
20
-2.3465875196850394
11
6.8033226771653545
21
-2.3465881102362203
0
LINE
8
F.Cu
6
CONTINUOUS
10
6.8033226771653545
20
-2.3465881102362203
11
6.8052579921259841
21
-2.3482853149606298
0
LINE
8
F.Cu
6
CONTINUOUS
10
6.8052579921259841
20
-2.3482853149606298
11
6.9036831889763777
21
-2.4467105118110237
0
LINE
8
F.Cu
6
CONTINUOUS
10
6.9036831889763777
20
-2.4467105118110237
11
6.9053803543307088
21
-2.4486457874015746
0
LINE
8
F.Cu
6
CONTINUOUS
10
6.9053803543307088
20
-2.4486457874015746
11
6.905380984251968
21
-2.4486464173228346
0
LINE
8
F.Cu
6
CONTINUOUS
10
6.905380984251968
20
-2.4486464173228346
11
6.9079503937007871
21
-2.4530967716535432
0
LINE
8
F.Cu
6
CONTINUOUS
10
6.9079503937007871
20
-2.4530967716535432
11
6.9092804330708661
21
-2.4580605118110235
0
LINE
8
F.Cu
6
CONTINUOUS
10
6.9092804330708661
20
-2.4580605118110235
11
6.9092804330708661
21
-2.4580611023622048
0
LINE
8
F.Cu
6
CONTINUOUS
10
6.9092804330708661
20
-2.4580611023622048
11
6.909448818897638
21
-2.4606299212598426
0
LINE
8
F.Cu
6
CONTINUOUS
10
6.909448818897638
20
-2.4606299212598426
11
6.909448818897638
21
-2.7925814960629922
0
LINE
8
F.Cu
6
CONTINUOUS
10
6.909448818897638
20
-2.7925814960629922
11
6.90974468503937
21
-2.792779212598425
0
LINE
8
F.Cu
6
CONTINUOUS
10
6.90974468503937
20
-2.792779212598425
11
6.9141105511811025
21
-2.7971450787401575
0
LINE
8
F.Cu
6
CONTINUOUS
10
6.9141105511811025
20
-2.7971450787401575
11
6.9175408267716536
21
-2.8022788582677163
0
LINE
8
F.Cu
6
CONTINUOUS
10
6.9175408267716536
20
-2.8022788582677163
11
6.9199036220472436
21
-2.807983149606299
0
LINE
8
F.Cu
6
CONTINUOUS
10
6.9199036220472436
20
-2.807983149606299
11
6.9211081889763779
21
-2.8140388188976377
0
LINE
8
F.Cu
6
CONTINUOUS
10
6.9211081889763779
20
-2.8140388188976377
11
6.9211081889763779
21
-2.8202131496062992
0
LINE
8
F.Cu
6
CONTINUOUS
10
6.9211081889763779
20
-2.8202131496062992
11
6.9199036220472436
21
-2.8262688188976379
0
LINE
8
F.Cu
6
CONTINUOUS
10
6.9199036220472436
20
-2.8262688188976379
11
6.9175408267716536
21
-2.8319731102362202
0
LINE
8
F.Cu
6
CONTINUOUS
10
6.9175408267716536
20
-2.8319731102362202
11
6.9141105511811025
21
-2.8371068897637794
0
LINE
8
F.Cu
6
CONTINUOUS
10
6.9141105511811025
20
-2.8371068897637794
11
6.90974468503937
21
-2.841472755905512
0
LINE
8
F.Cu
6
CONTINUOUS
10
6.90974468503937
20
-2.841472755905512
11
6.9046109055118112
21
-2.8449030314960631
0
LINE
8
F.Cu
6
CONTINUOUS
10
6.9046109055118112
20
-2.8449030314960631
11
6.898906614173228
21
-2.8472658267716535
0
LINE
8
F.Cu
6
CONTINUOUS
10
6.898906614173228
20
-2.8472658267716535
11
6.8928509448818893
21
-2.8484703937007874
0
LINE
8
F.Cu
6
CONTINUOUS
10
6.8928509448818893
20
-2.8484703937007874
11
6.8866766141732283
21
-2.8484703937007874
0
LINE
8
F.Cu
6
CONTINUOUS
10
6.8866766141732283
20
-2.8484703937007874
11
6.8806209448818896
21
-2.8472658267716535
0
LINE
8
F.Cu
6
CONTINUOUS
10
6.8806209448818896
20
-2.8472658267716535
11
6.8749166535433073
21
-2.8449030314960631
0
LINE
8
F.Cu
6
CONTINUOUS
10
6.8749166535433073
20
-2.8449030314960631
11
6.8697828740157476
21
-2.841472755905512
0
LINE
8
F.Cu
6
CONTINUOUS
10
6.8697828740157476
20
-2.841472755905512
11
6.865417007874016
21
-2.8371068897637794
0
LINE
8
F.Cu
6
CONTINUOUS
10
6.865417007874016
20
-2.8371068897637794
11
6.861986732283464
21
-2.8319731102362202
0
LINE
8
F.Cu
6
CONTINUOUS
10
6.861986732283464
20
-2.8319731102362202
11
6.859623937007874
21
-2.8262688188976379
0
LINE
8
F.Cu
6
CONTINUOUS
10
6.859623937007874
20
-2.8262688188976379
11
6.8584193700787397
21
-2.8202131496062992
0
LINE
8
F.Cu
6
CONTINUOUS
10
6.8584193700787397
20
-2.8202131496062992
11
6.8584193700787397
21
-2.8140388188976377
0
LINE
8
F.Cu
6
CONTINUOUS
10
6.8584193700787397
20
-2.8140388188976377
11
6.859623937007874
21
-2.807983149606299
0
LINE
8
F.Cu
6
CONTINUOUS
10
6.859623937007874
20
-2.807983149606299
11
6.861986732283464
21
-2.8022788582677163
0
LINE
8
F.Cu
6
CONTINUOUS
10
6.861986732283464
20
-2.8022788582677163
11
6.865417007874016
21
-2.7971450787401575
0
LINE
8
F.Cu
6
CONTINUOUS
10
6.865417007874016
20
-2.7971450787401575
11
6.8697828740157476
21
-2.792779212598425
0
LINE
8
F.Cu
6
CONTINUOUS
10
6.8697828740157476
20
-2.792779212598425
11
6.8700787401574805
21
-2.7925814960629922
0
LINE
8
F.Cu
6
CONTINUOUS
10
6.8700787401574805
20
-2.7925814960629922
11
6.8700787401574805
21
-2.4687837007874016
0
LINE
8
F.Cu
6
CONTINUOUS
10
6.8700787401574805
20
-2.4687837007874016
11
6.7831848031496058
21
-2.3818897637795273
0
LINE
8
F.Cu
6
CONTINUOUS
10
6.7831848031496058
20
-2.3818897637795273
11
5.2906341338582674
21
-2.3818897637795273
0
LINE
8
F.Cu
6
CONTINUOUS
10
5.2906341338582674
20
-2.3818897637795273
11
4.8588340157480312
21
-2.813689803149606
0
LINE
8
F.Cu
6
CONTINUOUS
10
4.8588340157480312
20
-2.813689803149606
11
4.8589034645669287
21
-2.8140388188976377
0
LINE
8
F.Cu
6
CONTINUOUS
10
4.8589034645669287
20
-2.8140388188976377
11
4.8589034645669287
21
-2.8202131496062992
0
LINE
8
F.Cu
6
CONTINUOUS
10
4.8589034645669287
20
-2.8202131496062992
11
4.8576988976377953
21
-2.8262688188976379
0
LINE
8
F.Cu
6
CONTINUOUS
10
4.8576988976377953
20
-2.8262688188976379
11
4.8553361023622044
21
-2.8319731102362202
0
LINE
8
F.Cu
6
CONTINUOUS
10
4.8553361023622044
20
-2.8319731102362202
11
4.8519058267716533
21
-2.8371068897637794
0
LINE
8
F.Cu
6
CONTINUOUS
10
4.8519058267716533
20
-2.8371068897637794
11
4.8475399606299208
21
-2.841472755905512
0
LINE
8
F.Cu
6
CONTINUOUS
10
4.8475399606299208
20
-2.841472755905512
11
4.842406181102362
21
-2.8449030314960631
0
LINE
8
F.Cu
6
CONTINUOUS
10
4.842406181102362
20
-2.8449030314960631
11
4.8367018897637797
21
-2.8472658267716535
0
LINE
8
F.Cu
6
CONTINUOUS
10
4.8367018897637797
20
-2.8472658267716535
11
4.830646220472441
21
-2.8484703937007874
0
LINE
8
F.Cu
6
CONTINUOUS
10
4.830646220472441
20
-2.8484703937007874
11
4.8244718897637791
21
-2.8484703937007874
0
LINE
8
F.Cu
6
CONTINUOUS
10
4.8244718897637791
20
-2.8484703937007874
11
4.8184162204724412
21
-2.8472658267716535
0
LINE
8
F.Cu
6
CONTINUOUS
10
4.8184162204724412
20
-2.8472658267716535
11
4.812711929133858
21
-2.8449030314960631
0
LINE
8
F.Cu
6
CONTINUOUS
10
4.812711929133858
20
-2.8449030314960631
11
4.8075781496062993
21
-2.841472755905512
0
LINE
8
F.Cu
6
CONTINUOUS
10
4.8075781496062993
20
-2.841472755905512
11
4.8032122834645667
21
-2.8371068897637794
0
LINE
8
F.Cu
6
CONTINUOUS
10
4.8032122834645667
20
-2.8371068897637794
11
4.7997820078740157
21
-2.8319731102362202
0
LINE
8
F.Cu
6
CONTINUOUS
10
4.7997820078740157
20
-2.8319731102362202
11
4.7974192125984247
21
-2.8262688188976379
0
LINE
8
F.Cu
6
CONTINUOUS
10
4.7974192125984247
20
-2.8262688188976379
11
4.7962146456692913
21
-2.8202131496062992
0
LINE
8
F.Cu
6
CONTINUOUS
10
4.7962146456692913
20
-2.8202131496062992
11
4.7962146456692913
21
-2.8140388188976377
0
LINE
8
F.Cu
6
CONTINUOUS
10
4.7962146456692913
20
-2.8140388188976377
11
4.7974192125984247
21
-2.807983149606299
0
LINE
8
F.Cu
6
CONTINUOUS
10
4.7974192125984247
20
-2.807983149606299
11
4.7997820078740157
21
-2.8022788582677163
0
LINE
8
F.Cu
6
CONTINUOUS
10
4.7997820078740157
20
-2.8022788582677163
11
4.8032122834645667
21
-2.7971450787401575
0
LINE
8
F.Cu
6
CONTINUOUS
10
4.8032122834645667
20
-2.7971450787401575
11
4.8075781496062993
21
-2.792779212598425
0
LINE
8
F.Cu
6
CONTINUOUS
10
4.8075781496062993
20
-2.792779212598425
11
4.812711929133858
21
-2.7893489370078739
0
LINE
8
F.Cu
6
CONTINUOUS
10
4.812711929133858
20
-2.7893489370078739
11
4.8184162204724412
21
-2.7869861417322834
0
LINE
8
F.Cu
6
CONTINUOUS
10
4.8184162204724412
20
-2.7869861417322834
11
4.8244718897637791
21
-2.7857815748031496
0
LINE
8
F.Cu
6
CONTINUOUS
10
4.8244718897637791
20
-2.7857815748031496
11
4.830646220472441
21
-2.7857815748031496
0
LINE
8
F.Cu
6
CONTINUOUS
10
4.830646220472441
20
-2.7857815748031496
11
4.8309951968503935
21
-2.7858509842519683
0
LINE
8
F.Cu
6
CONTINUOUS
10
4.8309951968503935
20
-2.7858509842519683
11
5.2685609055118112
21
-2.348285275590551
0
LINE
8
F.Cu
6
CONTINUOUS
10
5.2685609055118112
20
-2.348285275590551
11
5.2704964960629921
21
-2.3465877952755907
0
LINE
8
F.Cu
6
CONTINUOUS
10
5.2704964960629921
20
-2.3465877952755907
11
5.2704968110236221
21
-2.3465875196850394
0
LINE
8
F.Cu
6
CONTINUOUS
10
5.2704968110236221
20
-2.3465875196850394
11
5.2749471653543303
21
-2.3440181102362203
0
LINE
8
F.Cu
6
CONTINUOUS
10
5.2749471653543303
20
-2.3440181102362203
11
5.2759961023622042
21
-2.3437370078740156
0
LINE
8
F.Cu
6
CONTINUOUS
10
5.2759961023622042
20
-2.3437370078740156
11
5.2799109055118105
21
-2.3426880708661417
0
LINE
8
F.Cu
6
CONTINUOUS
10
5.2799109055118105
20
-2.3426880708661417
11
5.2799114960629918
21
-2.3426880708661417
0
LINE
8
F.Cu
6
CONTINUOUS
10
5.2799114960629918
20
-2.3426880708661417
11
5.2824803149606296
21
-2.3425196850393699
0
LINE
8
F.Cu
6
CONTINUOUS
10
5.2824803149606296
20
-2.3425196850393699
11
6.7913385826771648
21
-2.3425196850393699
0
LINE
8
F.Cu
6
CONTINUOUS
10
6.7913385826771648
20
-2.3425196850393699
11
6.7939074015748027
21
-2.3426880708661417
0
CIRCLE
8
F.Cu
10
6.0039370078740157
20
-2.9527559055118111
40
0.0059055118110236
  0
ENDSEC
  0
EOF
